time,open,high,low,close,volume,symbol
2023-12-12,33.92,34.37,33.67,34.25,957886,BID
2023-12-12,18.45,18.52,18.31,18.52,3347258,CTG
2023-12-12,20.83,21.36,20.83,21.17,31693150,HPG
2023-12-12,56.25,56.25,55.78,55.92,1007855,VCB
2023-12-12,41.0,41.3,40.75,41.05,6171848,VHM
2023-12-12,60.68,60.76,59.81,60.16,2791599,VNM
2023-12-13,34.25,34.33,33.18,34.0,794504,BID
2023-12-13,18.62,18.76,18.31,18.35,3631524,CTG
2023-12-13,21.29,21.36,20.68,20.72,33356819,HPG
2023-12-13,55.92,56.12,55.58,55.58,1154515,VCB
2023-12-13,41.2,41.65,40.65,40.75,9943249,VHM
2023-12-13,60.33,60.42,59.03,59.12,4516351,VNM
2023-12-14,34.04,34.16,33.75,34.0,780657,BID
2023-12-14,18.48,18.48,18.14,18.35,3875365,CTG
2023-12-14,20.87,20.87,20.49,20.49,31784558,HPG
2023-12-14,55.78,56.12,55.78,56.05,841937,VCB
2023-12-14,41.1,41.25,40.25,40.3,4706774,VHM
2023-12-14,59.29,59.72,59.12,59.29,1463160,VNM
2023-12-15,33.88,34.08,33.71,33.92,562608,BID
2023-12-15,18.18,18.42,18.07,18.31,3970818,CTG
2023-12-15,20.53,20.61,20.26,20.3,34693422,HPG
2023-12-15,55.78,56.05,54.59,54.59,2531751,VCB
2023-12-15,40.45,40.55,39.85,39.9,6801507,VHM
2023-12-15,59.38,59.46,59.03,59.03,3741675,VNM
2023-12-18,33.55,33.92,33.1,33.51,679053,BID
2023-12-18,18.18,18.31,17.87,17.87,3838367,CTG
2023-12-18,20.38,20.45,20.15,20.15,14883440,HPG
2023-12-18,54.99,55.05,54.12,54.12,1805761,VCB
2023-12-18,40.2,40.2,39.85,39.9,3564888,VHM
2023-12-18,59.03,59.12,58.08,58.08,3518371,VNM
2023-12-19,33.51,33.92,33.14,33.67,823834,BID
2023-12-19,17.9,18.18,17.8,18.18,2309159,CTG
2023-12-19,20.15,20.61,20.11,20.61,20502049,HPG
2023-12-19,54.12,54.12,53.19,53.92,1964252,VCB
2023-12-19,39.9,39.95,39.3,39.5,5229860,VHM
2023-12-19,58.16,58.42,57.47,58.08,3066185,VNM
2023-12-20,34.25,34.33,33.35,33.75,1025521,BID
2023-12-20,18.04,18.24,17.97,18.21,2389371,CTG
2023-12-20,20.61,20.72,20.53,20.61,17666787,HPG
2023-12-20,53.92,53.99,53.46,53.86,1873375,VCB
2023-12-20,39.85,39.95,39.5,39.95,2358415,VHM
2023-12-20,58.08,59.12,58.08,59.03,2605917,VNM
2023-12-21,33.43,34.25,33.43,34.16,1137420,BID
2023-12-21,18.11,18.24,18.0,18.21,2581937,CTG
2023-12-21,20.53,20.68,20.42,20.61,14312119,HPG
2023-12-21,53.79,53.79,53.33,53.72,2031463,VCB
2023-12-21,39.7,40.45,39.65,40.2,3558160,VHM
2023-12-21,58.86,59.2,58.77,58.77,2587654,VNM
2023-12-22,34.16,34.69,33.84,34.69,1190985,BID
2023-12-22,18.18,18.24,18.07,18.14,2170049,CTG
2023-12-22,20.61,20.72,20.49,20.49,17434981,HPG
2023-12-22,53.72,53.86,53.39,53.72,1581238,VCB
2023-12-22,40.2,40.4,40.0,40.3,3290547,VHM
2023-12-22,58.77,59.03,58.51,58.6,2147607,VNM
2023-12-25,34.74,35.39,34.33,35.31,1175553,BID
2023-12-25,18.21,18.45,18.18,18.45,4085488,CTG
2023-12-25,20.57,20.91,20.57,20.79,20414974,HPG
2023-12-25,53.72,54.32,53.59,54.32,1303639,VCB
2023-12-25,40.3,41.25,40.3,41.2,5960459,VHM
2023-12-25,58.6,59.55,58.6,58.86,2675110,VNM
2023-12-26,35.31,35.59,34.9,35.14,1165412,BID
2023-12-26,18.42,18.48,18.38,18.38,3249323,CTG
2023-12-26,20.76,21.14,20.76,21.06,33753533,HPG
2023-12-26,54.45,54.99,54.45,54.99,973002,VCB
2023-12-26,41.5,42.2,41.3,41.9,10397855,VHM
2023-12-26,59.2,59.38,58.94,58.94,1977559,VNM
2023-12-27,34.98,35.31,34.98,35.14,939903,BID
2023-12-27,18.38,18.45,18.35,18.42,3010728,CTG
2023-12-27,21.1,21.21,21.02,21.02,19860170,HPG
2023-12-27,55.05,55.25,54.79,54.92,900989,VCB
2023-12-27,42.0,42.15,41.85,41.9,6037479,VHM
2023-12-27,59.38,59.56,58.94,58.94,1628408,VNM
2023-12-28,35.14,35.27,34.9,34.9,1100128,BID
2023-12-28,18.42,18.59,18.35,18.59,2985243,CTG
2023-12-28,21.02,21.36,20.95,21.17,31321948,HPG
2023-12-28,54.92,55.19,54.72,54.99,704577,VCB
2023-12-28,42.1,43.8,42.05,43.7,13136725,VHM
2023-12-28,58.94,59.82,58.94,59.82,2410778,VNM
2023-12-29,34.9,35.47,34.57,35.47,883671,BID
2023-12-29,18.66,18.76,18.59,18.59,4657613,CTG
2023-12-29,21.17,21.29,21.06,21.17,20475453,HPG
2023-12-29,55.45,55.72,53.33,53.33,1623585,VCB
2023-12-29,44.05,44.1,43.2,43.2,5327943,VHM
2023-12-29,59.99,59.99,59.03,59.03,1956751,VNM
2024-01-02,35.47,35.63,34.9,35.14,1112938,BID
2024-01-02,18.62,18.69,18.55,18.66,3302172,CTG
2024-01-02,21.29,21.33,20.79,20.79,22196509,HPG
2024-01-02,55.05,55.52,54.59,55.45,1788420,VCB
2024-01-02,43.3,43.75,42.55,43.0,7591730,VHM
2024-01-02,59.56,59.82,59.29,59.64,2144983,VNM
2024-01-03,35.47,36.04,35.14,35.8,1561832,BID
2024-01-03,18.66,18.93,18.55,18.93,3125515,CTG
2024-01-03,20.76,21.06,20.76,21.06,18581664,HPG
2024-01-03,55.45,56.12,54.99,56.12,1374590,VCB
2024-01-03,42.6,43.4,42.55,43.4,6114634,VHM
2024-01-03,59.73,60.25,59.38,60.25,1891530,VNM
2024-01-04,35.88,36.78,35.63,35.68,3214754,BID
2024-01-04,18.96,20.23,18.9,19.62,14699663,CTG
2024-01-04,21.06,21.29,20.98,21.02,38548706,HPG
2024-01-04,56.12,57.24,55.78,57.04,2660779,VCB
2024-01-04,43.55,43.7,43.25,43.45,8780655,VHM
2024-01-04,60.34,60.69,60.25,60.25,3403997,VNM
2024-01-05,35.72,36.74,35.72,36.37,1331657,BID
2024-01-05,19.72,19.99,19.68,19.89,8768136,CTG
2024-01-05,21.02,21.14,20.87,21.06,17340693,HPG
2024-01-05,57.04,57.24,56.91,57.24,1181807,VCB
2024-01-05,43.45,43.55,43.05,43.1,4510634,VHM
2024-01-05,60.52,60.52,59.82,60.08,1477880,VNM
2024-01-08,36.62,38.0,36.49,37.92,1951306,BID
2024-01-08,20.23,20.44,19.92,20.27,12118831,CTG
2024-01-08,21.17,21.4,21.1,21.1,31258576,HPG
2024-01-08,57.31,57.64,57.31,57.64,1611721,VCB
2024-01-08,43.2,43.85,42.9,43.35,6216748,VHM
2024-01-08,60.25,60.34,59.56,59.56,2399171,VNM
2024-01-09,38.41,38.41,37.64,37.64,1743286,BID
2024-01-09,20.3,20.68,20.1,20.58,14357614,CTG
2024-01-09,21.14,21.17,20.83,20.98,28631164,HPG
2024-01-09,57.64,58.37,57.64,58.31,1928985,VCB
2024-01-09,43.15,43.3,42.65,43.0,6379398,VHM
2024-01-09,59.56,59.82,59.38,59.47,2461700,VNM
2024-01-10,37.64,39.07,37.6,38.74,2144305,BID
2024-01-10,20.58,21.36,20.47,21.26,13931670,CTG
2024-01-10,20.98,21.02,20.64,20.72,32654545,HPG
2024-01-10,58.31,59.44,57.91,59.44,1800328,VCB
2024-01-10,43.0,43.0,42.1,42.7,6792763,VHM
2024-01-10,59.47,59.47,58.86,58.94,3010809,VNM
2024-01-11,38.58,38.62,37.76,38.0,3399421,BID
2024-01-11,21.33,21.6,20.85,21.26,9751672,CTG
2024-01-11,20.79,20.95,20.76,20.83,15271976,HPG
2024-01-11,59.44,59.77,58.84,59.3,1491432,VCB
2024-01-11,42.5,43.05,42.0,42.0,6971310,VHM
2024-01-11,58.94,59.82,58.94,59.29,2085776,VNM
2024-01-12,37.51,38.58,36.82,37.6,3091109,BID
2024-01-12,21.12,21.84,20.99,21.6,17191036,CTG
2024-01-12,20.72,20.79,20.49,20.57,28640291,HPG
2024-01-12,58.51,59.44,58.04,58.9,1911967,VCB
2024-01-12,41.8,41.9,40.9,41.3,8330552,VHM
2024-01-12,59.03,59.29,58.51,58.68,3286730,VNM
2024-01-15,37.64,38.41,37.64,38.09,1345255,BID
2024-01-15,21.64,21.74,21.26,21.54,6955646,CTG
2024-01-15,20.61,20.79,20.53,20.53,12506342,HPG
2024-01-15,59.1,59.83,59.04,59.77,1916364,VCB
2024-01-15,41.8,41.85,41.4,41.6,3151249,VHM
2024-01-15,58.68,58.94,58.51,58.51,2228627,VNM
2024-01-16,37.64,38.37,37.64,38.33,1135791,BID
2024-01-16,21.3,21.54,21.12,21.54,7473186,CTG
2024-01-16,20.53,21.06,20.49,21.06,19773999,HPG
2024-01-16,59.1,59.83,59.04,59.77,1368816,VCB
2024-01-16,41.6,42.65,41.45,42.65,3776742,VHM
2024-01-16,58.51,58.86,58.25,58.86,2074925,VNM
2024-01-17,38.05,38.41,37.84,38.29,1469274,BID
2024-01-17,21.3,21.6,21.26,21.36,6759001,CTG
2024-01-17,21.1,21.17,20.95,20.95,23419285,HPG
2024-01-17,59.1,60.43,59.1,60.37,1581258,VCB
2024-01-17,42.65,42.85,41.9,41.9,6345684,VHM
2024-01-17,58.94,59.29,58.51,58.6,1829118,VNM
2024-01-18,38.29,39.11,38.13,38.82,2293041,BID
2024-01-18,21.36,21.67,21.19,21.6,8870604,CTG
2024-01-18,20.98,21.1,20.91,20.95,12645044,HPG
2024-01-18,60.37,60.56,59.77,60.5,1424696,VCB
2024-01-18,42.25,43.5,42.05,43.2,8941804,VHM
2024-01-18,58.77,59.21,58.77,58.86,1230002,VNM
2024-01-19,39.15,40.74,38.58,40.74,2971887,BID
2024-01-19,21.74,22.36,21.57,22.36,14148196,CTG
2024-01-19,21.02,21.14,20.91,21.06,14866159,HPG
2024-01-19,60.43,61.76,60.03,61.49,1477733,VCB
2024-01-19,43.35,43.6,43.0,43.05,5533944,VHM
2024-01-19,58.86,59.91,58.86,59.38,2621840,VNM
2024-01-22,40.82,41.03,39.8,40.7,2372235,BID
2024-01-22,22.33,22.39,21.91,22.39,8707571,CTG
2024-01-22,21.21,21.7,21.1,21.44,66094584,HPG
2024-01-22,62.09,62.09,61.1,61.1,1048242,VCB
2024-01-22,43.35,43.45,42.8,43.0,4711104,VHM
2024-01-22,59.38,59.99,59.38,59.64,1961559,VNM
2024-01-23,40.46,40.7,39.76,40.38,2186583,BID
2024-01-23,22.39,22.5,21.88,22.08,9146723,CTG
2024-01-23,21.55,21.59,21.4,21.48,21686564,HPG
2024-01-23,61.16,61.36,60.03,60.76,1259446,VCB
2024-01-23,43.05,43.2,42.3,42.35,5258263,VHM
2024-01-23,59.64,59.64,59.03,59.12,2113751,VNM
2024-01-24,39.64,40.21,39.6,39.97,1872754,BID
2024-01-24,21.91,22.22,21.88,21.95,5007177,CTG
2024-01-24,21.44,21.59,21.4,21.4,16144379,HPG
2024-01-24,60.83,61.1,60.37,60.5,746187,VCB
2024-01-24,42.35,42.95,42.3,42.5,2743314,VHM
2024-01-24,59.21,59.38,58.68,58.77,2085392,VNM
2024-01-25,39.97,40.66,39.56,39.56,1353235,BID
2024-01-25,21.95,22.02,21.67,21.98,5171934,CTG
2024-01-25,21.4,21.51,21.21,21.4,15234746,HPG
2024-01-25,60.5,60.83,60.23,60.43,505031,VCB
2024-01-25,42.5,42.5,42.05,42.1,2297052,VHM
2024-01-25,58.86,58.94,58.42,58.42,2662473,VNM
2024-01-26,39.56,40.01,39.56,40.01,814358,BID
2024-01-26,22.02,22.12,21.91,22.02,3686228,CTG
2024-01-26,21.51,21.59,21.4,21.48,14380956,HPG
2024-01-26,60.83,61.1,60.7,61.1,953670,VCB
2024-01-26,42.2,42.5,42.0,42.0,4353577,VHM
2024-01-26,58.51,58.94,58.51,58.51,1677432,VNM
2024-01-29,39.97,40.21,39.64,39.8,986750,BID
2024-01-29,22.02,22.46,21.95,22.15,5889586,CTG
2024-01-29,21.48,21.51,21.21,21.21,21583456,HPG
2024-01-29,60.96,61.1,60.37,60.56,732044,VCB
2024-01-29,42.3,42.3,41.8,41.8,3168351,VHM
2024-01-29,58.6,58.77,58.42,58.51,1734356,VNM
2024-01-30,39.88,39.97,39.39,39.6,1123666,BID
2024-01-30,22.19,22.26,21.98,22.08,3748970,CTG
2024-01-30,21.21,21.29,21.1,21.21,17536929,HPG
2024-01-30,60.56,60.56,59.83,60.43,889895,VCB
2024-01-30,41.8,42.3,41.7,42.0,2910566,VHM
2024-01-30,58.77,58.77,58.42,58.42,1791324,VNM
2024-01-31,39.64,39.88,38.82,38.99,1676533,BID
2024-01-31,22.26,22.29,21.47,21.67,11932232,CTG
2024-01-31,21.17,21.29,21.02,21.02,24464533,HPG
2024-01-31,60.17,60.17,58.77,58.77,947351,VCB
2024-01-31,42.05,42.25,41.5,41.5,6310175,VHM
2024-01-31,58.68,59.56,58.42,58.51,4021787,VNM
2024-02-01,38.82,39.19,38.54,38.62,1545088,BID
2024-02-01,21.57,22.02,21.57,21.98,5133916,CTG
2024-02-01,21.02,21.29,20.98,21.1,10642909,HPG
2024-02-01,58.44,59.9,58.44,59.63,598963,VCB
2024-02-01,41.35,41.5,41.1,41.2,7109228,VHM
2024-02-01,58.68,59.21,58.68,58.94,2500699,VNM
2024-02-02,38.66,38.82,38.17,38.33,1955284,BID
2024-02-02,21.95,22.05,21.64,21.74,4540449,CTG
2024-02-02,20.98,21.29,20.98,21.14,14168885,HPG
2024-02-02,59.17,60.1,59.17,59.97,734186,VCB
2024-02-02,41.5,42.1,41.15,41.2,5777556,VHM
2024-02-02,58.94,59.12,58.51,58.86,2613144,VNM
2024-02-05,38.5,40.38,38.45,39.76,2254701,BID
2024-02-05,21.78,23.25,21.78,23.25,21722026,CTG
2024-02-05,21.14,21.44,21.14,21.21,16238284,HPG
2024-02-05,59.9,60.17,59.37,59.77,1950335,VCB
2024-02-05,41.4,41.6,41.1,41.25,3363623,VHM
2024-02-05,58.86,59.56,58.68,59.38,3568444,VNM
2024-02-06,39.88,39.88,39.23,39.88,1529371,BID
2024-02-06,23.32,23.63,23.22,23.59,8657918,CTG
2024-02-06,21.33,21.4,21.21,21.25,14667973,HPG
2024-02-06,59.97,60.17,59.17,59.44,1353403,VCB
2024-02-06,41.4,41.45,41.0,41.0,5537080,VHM
2024-02-06,59.47,59.56,59.03,59.03,2394933,VNM
2024-02-07,39.88,40.09,39.72,40.01,1861415,BID
2024-02-07,23.59,24.9,23.59,24.35,13578449,CTG
2024-02-07,21.25,21.44,21.25,21.33,13815720,HPG
2024-02-07,59.77,60.3,59.3,59.77,1372449,VCB
2024-02-07,41.05,41.85,41.0,41.8,3770219,VHM
2024-02-07,59.03,59.29,58.68,59.03,2737292,VNM
2024-02-15,40.01,40.25,39.6,40.01,1628521,BID
2024-02-15,24.42,24.55,24.01,24.01,8862589,CTG
2024-02-15,21.44,21.89,21.4,21.74,37002180,HPG
2024-02-15,59.77,60.23,59.17,59.7,1047830,VCB
2024-02-15,42.15,42.2,41.8,41.95,4319070,VHM
2024-02-15,59.03,59.38,58.68,59.03,3880447,VNM
2024-02-16,40.05,40.05,39.48,39.68,1355591,BID
2024-02-16,24.21,24.21,23.77,24.18,7518770,CTG
2024-02-16,21.78,21.82,21.67,21.67,16729914,HPG
2024-02-16,59.7,59.9,59.44,59.5,735346,VCB
2024-02-16,42.15,42.8,41.95,42.7,6027229,VHM
2024-02-16,59.21,61.39,58.94,61.13,11120422,VNM
2024-02-19,39.84,41.11,39.44,40.29,3288060,BID
2024-02-19,24.07,24.35,23.66,24.28,10690911,CTG
2024-02-19,21.7,22.27,21.55,22.12,42298335,HPG
2024-02-19,59.7,60.1,59.3,59.9,1046679,VCB
2024-02-19,43.0,45.65,42.9,45.55,20165747,VHM
2024-02-19,61.91,63.4,61.74,62.79,6660129,VNM
2024-02-20,40.46,41.03,40.38,40.38,1572592,BID
2024-02-20,24.21,24.42,23.8,24.14,6844456,CTG
2024-02-20,22.12,22.23,22.01,22.12,21405084,HPG
2024-02-20,59.83,60.7,59.37,60.63,1405753,VCB
2024-02-20,46.0,46.7,45.85,46.15,12933357,VHM
2024-02-20,62.61,63.22,62.26,62.44,4390643,VNM
2024-02-21,40.66,40.7,39.97,40.66,1854473,BID
2024-02-21,24.18,24.83,24.04,24.38,10408441,CTG
2024-02-21,22.04,22.08,21.74,21.82,31597047,HPG
2024-02-21,60.9,60.9,60.1,60.56,1369259,VCB
2024-02-21,46.1,46.1,44.8,45.0,8951937,VHM
2024-02-21,62.44,62.79,62.0,62.26,3593123,VNM
2024-02-22,40.7,40.78,40.46,40.66,1598960,BID
2024-02-22,24.49,24.52,24.18,24.49,7064441,CTG
2024-02-22,21.74,21.82,21.63,21.63,22423703,HPG
2024-02-22,60.17,60.43,59.44,59.44,1224789,VCB
2024-02-22,45.1,45.45,44.8,44.8,6812686,VHM
2024-02-22,62.26,63.49,62.09,62.53,4652126,VNM
2024-02-23,40.7,43.48,40.29,42.5,6948065,BID
2024-02-23,24.55,25.48,24.01,24.14,25789026,CTG
2024-02-23,21.63,21.86,21.51,21.51,27315024,HPG
2024-02-23,59.44,60.7,59.04,59.04,1802815,VCB
2024-02-23,45.0,45.1,43.25,43.3,11758953,VHM
2024-02-23,62.7,63.49,62.0,62.0,6146121,VNM
2024-02-26,43.15,44.54,42.5,43.81,1536698,BID
2024-02-26,24.14,24.59,24.07,24.45,6399684,CTG
2024-02-26,21.51,21.82,21.44,21.82,19232263,HPG
2024-02-26,59.04,59.77,59.04,59.44,722488,VCB
2024-02-26,43.45,43.85,43.1,43.35,7003949,VHM
2024-02-26,62.0,62.61,61.74,62.0,3050150,VNM
2024-02-27,43.89,44.13,43.32,43.32,1744935,BID
2024-02-27,24.49,24.9,24.31,24.79,9073903,CTG
2024-02-27,21.89,23.07,21.82,22.99,86882418,HPG
2024-02-27,59.5,60.56,59.17,60.5,1608348,VCB
2024-02-27,43.75,44.2,43.3,44.2,7161102,VHM
2024-02-27,62.18,63.22,62.09,62.87,5285311,VNM
2024-02-28,43.48,44.79,42.75,44.05,2346478,BID
2024-02-28,24.97,25.0,24.45,24.66,9819770,CTG
2024-02-28,23.03,23.45,22.84,23.18,35225601,HPG
2024-02-28,60.43,64.68,60.03,64.68,4227766,VCB
2024-02-28,44.45,44.9,44.0,44.4,6285833,VHM
2024-02-28,63.22,63.4,62.44,63.05,3422219,VNM
2024-02-29,44.05,44.13,43.32,43.32,1340368,BID
2024-02-29,24.83,24.9,24.14,24.38,12805479,CTG
2024-02-29,23.29,23.6,23.11,23.48,33602603,HPG
2024-02-29,65.41,66.74,64.62,64.62,1902870,VCB
2024-02-29,44.55,44.7,43.4,43.4,11045628,VHM
2024-02-29,63.4,64.01,62.53,62.87,6543917,VNM
2024-03-01,43.56,44.38,42.83,43.73,1248808,BID
2024-03-01,24.49,24.49,24.01,24.42,9186740,CTG
2024-03-01,23.64,23.64,23.22,23.37,26977136,HPG
2024-03-01,65.21,65.21,63.02,64.62,2383117,VCB
2024-03-01,43.7,44.2,43.3,43.95,6876405,VHM
2024-03-01,62.96,62.96,62.18,62.44,4399953,VNM
2024-03-04,43.81,44.54,42.91,43.73,2334455,BID
2024-03-04,24.42,25.31,24.11,24.69,17584719,CTG
2024-03-04,23.48,23.79,23.26,23.33,28600714,HPG
2024-03-04,65.08,65.08,63.49,63.75,1643680,VCB
2024-03-04,44.05,44.6,43.8,43.95,7039659,VHM
2024-03-04,62.7,63.49,62.53,62.87,5018814,VNM
2024-03-05,43.73,44.46,43.24,44.46,1203171,BID
2024-03-05,24.69,25.0,24.52,25.0,7386434,CTG
2024-03-05,23.33,23.71,23.26,23.6,29934805,HPG
2024-03-05,64.15,64.15,63.22,63.42,1366903,VCB
2024-03-05,43.95,44.25,43.3,43.65,7694338,VHM
2024-03-05,62.87,63.75,62.61,63.75,5443242,VNM
2024-03-06,44.13,44.79,43.73,44.46,1587437,BID
2024-03-06,24.97,25.34,24.45,24.76,11122170,CTG
2024-03-06,23.56,23.6,23.11,23.33,28078693,HPG
2024-03-06,63.42,64.28,63.15,63.49,2072535,VCB
2024-03-06,43.65,44.55,43.05,43.1,11326080,VHM
2024-03-06,64.01,64.18,62.7,62.7,4837251,VNM
2024-03-07,44.46,44.46,43.48,43.56,2127394,BID
2024-03-07,24.69,24.73,24.31,24.55,8888544,CTG
2024-03-07,23.26,23.75,23.18,23.48,32275896,HPG
2024-03-07,63.69,64.68,63.42,63.62,2364334,VCB
2024-03-07,43.3,43.3,42.85,43.2,7319072,VHM
2024-03-07,62.61,62.96,62.26,62.87,5070038,VNM
2024-03-08,43.64,43.64,40.54,41.76,2743455,BID
2024-03-08,24.55,24.59,23.66,23.66,20836794,CTG
2024-03-08,23.48,23.52,22.92,22.95,47338238,HPG
2024-03-08,63.69,64.08,63.15,63.15,2231150,VCB
2024-03-08,43.5,43.6,42.55,42.55,9529599,VHM
2024-03-08,62.96,63.66,61.13,61.13,7364624,VNM
2024-03-11,42.34,42.83,41.27,41.27,1481676,BID
2024-03-11,23.66,23.83,23.25,23.42,7848930,CTG
2024-03-11,22.95,23.18,22.58,22.65,30439370,HPG
2024-03-11,63.15,63.75,62.49,62.49,1842420,VCB
2024-03-11,42.6,43.0,42.5,42.55,6058761,VHM
2024-03-11,61.56,62.26,61.13,61.39,4214115,VNM
2024-03-12,41.36,42.58,41.27,42.5,1212545,BID
2024-03-12,23.32,23.73,23.29,23.66,6764826,CTG
2024-03-12,22.61,23.03,22.58,22.88,30148985,HPG
2024-03-12,62.49,63.02,62.42,62.69,1108496,VCB
2024-03-12,42.55,42.9,42.35,42.7,4758561,VHM
2024-03-12,61.48,61.65,61.13,61.13,3847561,VNM
2024-03-13,42.66,42.99,42.34,42.99,1399923,BID
2024-03-13,23.73,24.11,23.46,24.11,6146474,CTG
2024-03-13,22.88,23.37,22.8,23.33,29380668,HPG
2024-03-13,63.02,64.08,62.62,63.75,3126592,VCB
2024-03-13,42.8,43.0,42.5,42.95,7335627,VHM
2024-03-13,61.22,61.91,61.13,61.83,5648587,VNM
2024-03-14,43.73,43.73,42.01,42.25,1484385,BID
2024-03-14,24.14,24.14,23.46,23.63,7015247,CTG
2024-03-14,23.41,23.41,22.92,22.99,30792542,HPG
2024-03-14,63.75,63.82,62.82,63.09,2322431,VCB
2024-03-14,43.4,43.8,42.8,42.9,12610933,VHM
2024-03-14,62.0,62.26,61.39,61.56,5449322,VNM
2024-03-15,42.17,43.15,41.68,42.66,1435031,BID
2024-03-15,23.59,24.28,23.29,23.83,9590069,CTG
2024-03-15,22.99,23.26,22.73,22.8,35837317,HPG
2024-03-15,63.09,63.09,62.36,62.42,2304560,VCB
2024-03-15,42.9,43.15,42.4,42.4,9887754,VHM
2024-03-15,62.01,62.01,60.77,60.86,4857330,VNM
2024-03-18,42.5,43.15,40.78,42.5,1483545,BID
2024-03-18,23.83,24.01,22.19,22.84,11393812,CTG
2024-03-18,22.84,22.88,21.97,22.42,50128928,HPG
2024-03-18,62.62,62.76,61.43,61.76,1843874,VCB
2024-03-18,42.65,43.15,41.3,42.1,14791576,VHM
2024-03-18,60.86,61.12,59.8,60.06,6803665,VNM
2024-03-19,42.58,42.58,41.68,42.17,766534,BID
2024-03-19,22.91,23.18,22.6,22.84,7154001,CTG
2024-03-19,22.35,23.18,22.27,22.58,26986377,HPG
2024-03-19,61.43,62.09,61.43,61.43,870431,VCB
2024-03-19,42.35,43.05,41.85,42.9,9466892,VHM
2024-03-19,60.59,60.59,59.97,59.97,3166304,VNM
2024-03-20,42.17,43.4,41.27,43.32,3135459,BID
2024-03-20,22.77,23.66,22.63,23.56,9490071,CTG
2024-03-20,22.61,22.8,22.54,22.73,12979362,HPG
2024-03-20,61.43,62.49,61.43,61.89,899448,VCB
2024-03-20,43.0,43.0,42.2,42.5,5440051,VHM
2024-03-20,59.97,60.68,59.71,60.15,3551272,VNM
2024-03-21,43.48,43.64,43.15,43.32,1859542,BID
2024-03-21,23.73,23.94,23.35,23.94,9091163,CTG
2024-03-21,22.99,23.14,22.8,22.92,19984496,HPG
2024-03-21,62.42,63.42,62.42,63.22,1454765,VCB
2024-03-21,42.85,43.05,42.55,42.9,10981568,VHM
2024-03-21,60.33,60.59,60.06,60.51,4910550,VNM
2024-03-22,43.56,46.34,43.56,44.3,4368960,BID
2024-03-22,24.07,24.97,24.01,24.49,15970111,CTG
2024-03-22,22.99,23.26,22.88,23.14,37402271,HPG
2024-03-22,63.22,64.28,63.22,64.02,1846861,VCB
2024-03-22,43.2,43.5,42.6,42.8,10001805,VHM
2024-03-22,60.68,60.77,59.97,59.97,6070254,VNM
2024-03-25,44.3,45.36,43.07,43.32,1264961,BID
2024-03-25,24.35,24.49,23.66,23.8,9583651,CTG
2024-03-25,23.14,23.45,22.76,22.88,21366246,HPG
2024-03-25,63.09,64.35,62.49,63.55,1370504,VCB
2024-03-25,43.0,43.35,42.4,42.55,10313493,VHM
2024-03-25,60.06,60.33,59.36,59.53,5459681,VNM
2024-03-26,43.32,44.05,43.32,43.32,1411023,BID
2024-03-26,23.83,24.28,23.77,24.14,3805589,CTG
2024-03-26,22.88,23.14,22.8,23.14,11986416,HPG
2024-03-26,63.75,64.15,63.62,63.95,736873,VCB
2024-03-26,42.7,42.9,42.45,42.75,4265404,VHM
2024-03-26,59.62,60.06,59.53,59.89,2507194,VNM
2024-03-27,43.56,43.56,42.91,42.91,1609580,BID
2024-03-27,24.01,24.35,23.87,24.35,5071326,CTG
2024-03-27,23.41,23.56,23.18,23.18,24342964,HPG
2024-03-27,63.88,63.88,63.49,63.62,1047647,VCB
2024-03-27,42.9,42.9,42.5,42.5,7553922,VHM
2024-03-27,60.15,60.15,59.71,59.89,2639932,VNM
2024-03-28,43.48,44.05,42.91,42.99,1360986,BID
2024-03-28,24.62,24.62,24.21,24.52,7037993,CTG
2024-03-28,23.37,23.37,23.07,23.14,19124881,HPG
2024-03-28,63.88,64.02,63.49,63.55,1233566,VCB
2024-03-28,42.8,44.05,42.6,43.3,18569535,VHM
2024-03-28,59.89,60.51,59.8,59.89,4474441,VNM
2024-03-29,43.48,43.48,42.5,42.58,1789819,BID
2024-03-29,24.52,24.52,24.11,24.38,4494235,CTG
2024-03-29,23.18,23.18,22.92,22.92,14830426,HPG
2024-03-29,63.69,63.69,63.02,63.02,801942,VCB
2024-03-29,43.4,43.7,42.85,42.85,7689710,VHM
2024-03-29,60.51,60.51,59.71,59.8,3487674,VNM
2024-04-01,42.66,43.07,42.25,42.58,1365330,BID
2024-04-01,24.28,24.28,23.83,24.01,7923029,CTG
2024-04-01,22.88,22.99,22.69,22.8,20772986,HPG
2024-04-01,63.02,63.75,62.89,63.22,1222710,VCB
2024-04-01,42.9,43.15,42.65,42.9,7521190,VHM
2024-04-01,59.8,59.89,59.27,59.27,4996398,VNM
2024-04-02,42.42,42.83,42.09,42.42,1578085,BID
2024-04-02,23.66,24.14,23.39,24.01,6983869,CTG
2024-04-02,22.65,23.03,22.58,23.03,26310579,HPG
2024-04-02,63.15,63.22,62.36,62.76,970357,VCB
2024-04-02,42.7,43.15,42.2,43.15,13761932,VHM
2024-04-02,59.27,59.62,59.0,59.53,4325527,VNM
2024-04-03,42.5,42.75,41.68,41.68,1497781,BID
2024-04-03,23.94,24.01,23.25,23.35,9114136,CTG
2024-04-03,22.99,23.07,22.69,22.69,21500994,HPG
2024-04-03,62.69,62.96,62.29,62.29,1323149,VCB
2024-04-03,43.15,43.75,42.9,43.1,11841562,VHM
2024-04-03,59.53,59.53,59.0,59.0,5054063,VNM
2024-04-04,42.34,42.34,41.68,41.68,1094832,BID
2024-04-04,23.46,23.53,22.98,23.01,7109402,CTG
2024-04-04,22.69,22.76,22.39,22.42,26385240,HPG
2024-04-04,63.02,63.75,62.69,63.75,2024326,VCB
2024-04-04,42.8,43.2,42.75,43.0,9669113,VHM
2024-04-04,59.0,60.51,59.0,60.33,7477825,VNM
2024-04-05,41.6,41.6,41.03,41.03,1656504,BID
2024-04-05,22.77,23.05,22.7,22.77,9837489,CTG
2024-04-05,22.31,22.54,22.16,22.31,24030078,HPG
2024-04-05,62.96,63.49,62.56,63.02,780020,VCB
2024-04-05,42.7,43.1,42.4,42.95,13466948,VHM
2024-04-05,60.33,60.33,59.89,60.06,4237214,VNM
2024-04-08,41.03,42.17,40.87,41.52,906777,BID
2024-04-08,22.84,23.49,22.6,22.98,12011667,CTG
2024-04-08,22.31,22.58,22.2,22.42,16717695,HPG
2024-04-08,63.02,63.29,62.56,63.02,865357,VCB
2024-04-08,43.05,43.1,42.4,43.0,16740300,VHM
2024-04-08,60.15,60.15,59.18,59.27,3671802,VNM
2024-04-09,41.76,43.07,41.52,43.07,1752434,BID
2024-04-09,23.25,23.49,23.01,23.49,5242173,CTG
2024-04-09,22.42,22.65,22.39,22.65,9846188,HPG
2024-04-09,63.09,63.35,62.56,62.62,688518,VCB
2024-04-09,43.1,43.2,42.9,43.2,10946287,VHM
2024-04-09,59.36,59.53,59.09,59.27,2518780,VNM
2024-04-10,43.15,43.15,42.42,42.5,1194800,BID
2024-04-10,23.56,23.56,23.08,23.08,4304063,CTG
2024-04-10,22.69,22.8,22.46,22.46,11145329,HPG
2024-04-10,62.62,62.82,62.49,62.76,738740,VCB
2024-04-10,43.55,44.65,43.45,44.2,24328093,VHM
2024-04-10,59.36,59.53,59.09,59.09,2767420,VNM
2024-04-11,42.09,43.64,41.93,43.32,2278176,BID
2024-04-11,22.84,23.11,22.81,23.11,4181821,CTG
2024-04-11,22.31,22.84,22.31,22.65,19255412,HPG
2024-04-11,62.42,62.82,62.09,62.42,778946,VCB
2024-04-11,44.25,44.25,43.75,44.15,14568487,VHM
2024-04-11,59.0,59.18,58.82,58.91,2950689,VNM
2024-04-12,43.32,44.54,43.15,43.64,3378524,BID
2024-04-12,23.18,24.73,23.08,24.62,23787608,CTG
2024-04-12,22.73,22.8,22.61,22.69,13925121,HPG
2024-04-12,62.76,63.42,62.29,62.82,846008,VCB
2024-04-12,44.5,44.8,44.3,44.5,16826097,VHM
2024-04-12,59.09,59.36,58.91,59.0,2511089,VNM
2024-04-15,43.56,44.54,40.62,40.62,2543650,BID
2024-04-15,24.55,24.9,22.91,22.94,29303204,CTG
2024-04-15,22.61,22.69,21.29,21.59,31131437,HPG
2024-04-15,62.82,64.08,61.1,61.1,1902194,VCB
2024-04-15,44.5,44.5,42.2,42.4,20421318,VHM
2024-04-15,59.0,59.0,57.41,57.41,5766677,VNM
2024-04-16,40.62,41.85,40.42,41.11,2353772,BID
2024-04-16,23.25,23.35,22.5,23.35,15421515,CTG
2024-04-16,21.59,21.63,21.1,21.48,33449847,HPG
2024-04-16,62.29,62.29,60.1,60.43,1860102,VCB
2024-04-16,42.4,42.8,40.75,42.7,16853483,VHM
2024-04-16,57.41,57.5,55.73,56.61,7137771,VNM
2024-04-17,41.6,41.68,39.23,39.31,1976645,BID
2024-04-17,23.49,23.49,22.39,22.43,19099905,CTG
2024-04-17,21.59,21.63,21.14,21.21,15597365,HPG
2024-04-17,60.56,61.16,59.44,60.1,1454446,VCB
2024-04-17,43.0,43.05,41.55,41.8,10864569,VHM
2024-04-17,56.97,57.41,56.79,56.79,4593232,VNM
2024-04-19,39.15,40.46,38.5,39.52,2172286,BID
2024-04-19,22.02,22.46,21.43,21.67,13046019,CTG
2024-04-19,21.06,21.48,20.83,21.06,26158064,HPG
2024-04-19,59.77,60.37,59.57,60.1,1326423,VCB
2024-04-19,40.95,41.5,40.3,41.5,12530053,VHM
2024-04-19,56.79,56.97,55.99,56.79,4521513,VNM
2024-04-22,39.88,40.95,39.88,40.95,1300516,BID
2024-04-22,21.98,22.22,21.74,22.15,7771685,CTG
2024-04-22,21.36,21.36,21.1,21.21,12398648,HPG
2024-04-22,60.1,60.7,59.9,60.17,999830,VCB
2024-04-22,41.5,41.8,40.65,41.45,9176368,VHM
2024-04-22,57.23,57.76,56.61,56.61,2038048,VNM
2024-04-23,40.21,41.27,39.64,40.38,2275027,BID
2024-04-23,22.12,22.29,21.36,21.6,10693470,CTG
2024-04-23,21.21,21.25,20.79,20.91,18376759,HPG
2024-04-23,60.17,60.56,59.24,59.83,1565162,VCB
2024-04-23,41.0,41.4,40.2,40.2,8625501,VHM
2024-04-23,56.79,56.88,55.91,56.17,2020719,VNM
2024-04-24,40.42,41.19,40.33,40.87,1417731,BID
2024-04-24,21.95,22.6,21.74,22.6,9015234,CTG
2024-04-24,21.14,21.93,21.02,21.82,23062837,HPG
2024-04-24,60.43,60.5,59.83,60.17,1926287,VCB
2024-04-24,40.35,40.9,40.25,40.6,5043450,VHM
2024-04-24,56.61,56.88,56.17,56.61,2403394,VNM
2024-04-25,40.66,41.11,40.29,40.54,1054622,BID
2024-04-25,22.53,22.63,22.12,22.63,4865881,CTG
2024-04-25,21.74,21.74,21.44,21.63,11245215,HPG
2024-04-25,60.17,61.69,60.1,60.43,1236861,VCB
2024-04-25,40.85,40.85,40.4,40.7,2990723,VHM
2024-04-25,56.61,57.32,56.52,57.23,1918445,VNM
2024-04-26,40.54,40.95,40.13,40.21,776097,BID
2024-04-26,22.33,22.74,22.05,22.5,8975056,CTG
2024-04-26,21.44,21.63,21.25,21.51,18314893,HPG
2024-04-26,60.9,61.96,60.56,60.56,1699786,VCB
2024-04-26,40.4,41.05,40.3,40.8,4706725,VHM
2024-04-26,57.23,58.21,57.06,57.5,2944790,VNM
2024-05-02,40.29,40.62,39.93,40.21,569727,BID
2024-05-02,22.5,22.5,21.95,22.19,6363200,CTG
2024-05-02,21.51,21.51,21.25,21.48,7330111,HPG
2024-05-02,61.16,61.43,60.5,61.03,933709,VCB
2024-05-02,40.8,41.25,40.35,41.15,4572111,VHM
2024-05-02,57.85,57.94,57.41,57.85,2566088,VNM
2024-05-03,40.58,40.78,40.05,40.21,701877,BID
2024-05-03,22.26,22.53,22.05,22.22,6162933,CTG
2024-05-03,21.48,22.04,21.48,21.7,16725291,HPG
2024-05-03,61.36,62.03,60.96,61.43,1472206,VCB
2024-05-03,41.3,41.4,40.85,41.1,4394307,VHM
2024-05-03,58.03,58.38,57.94,58.03,1969178,VNM
2024-05-06,40.29,41.27,40.29,41.27,1193818,BID
2024-05-06,22.36,22.81,22.19,22.77,7631391,CTG
2024-05-06,21.86,22.23,21.82,22.2,27119741,HPG
2024-05-06,61.69,61.96,61.56,61.76,1148815,VCB
2024-05-06,41.15,41.2,40.85,41.15,4947191,VHM
2024-05-06,58.21,58.74,57.94,58.21,2264163,VNM
2024-05-07,41.36,41.68,40.87,40.87,1071204,BID
2024-05-07,22.77,22.81,22.5,22.5,4944154,CTG
2024-05-07,22.27,22.88,22.16,22.84,30152936,HPG
2024-05-07,62.03,62.49,61.69,61.69,1155689,VCB
2024-05-07,41.25,41.25,40.9,41.05,4278931,VHM
2024-05-07,58.38,60.59,58.29,60.15,8490375,VNM
2024-05-08,40.95,41.52,40.7,40.7,1058548,BID
2024-05-08,22.39,22.63,22.19,22.36,8400427,CTG
2024-05-08,22.84,23.48,22.54,23.26,34306978,HPG
2024-05-08,61.56,61.89,61.16,61.76,1247171,VCB
2024-05-08,41.0,41.0,40.5,40.9,6627436,VHM
2024-05-08,60.15,60.15,59.36,60.06,2967447,VNM
2024-05-09,41.11,41.11,40.46,40.46,971915,BID
2024-05-09,22.5,22.91,22.26,22.57,7201030,CTG
2024-05-09,23.41,23.41,22.76,23.07,19434034,HPG
2024-05-09,61.69,62.03,61.29,61.43,607990,VCB
2024-05-09,41.0,41.75,40.85,40.95,7302057,VHM
2024-05-09,60.06,60.06,58.91,58.91,3001858,VNM
2024-05-10,40.54,40.66,40.01,40.09,828864,BID
2024-05-10,22.74,22.74,22.33,22.53,4659795,CTG
2024-05-10,23.18,23.22,22.69,23.07,18994649,HPG
2024-05-10,61.56,61.56,60.9,61.1,824888,VCB
2024-05-10,41.0,41.1,40.35,40.35,7279272,VHM
2024-05-10,59.0,59.71,58.47,58.82,2422429,VNM
2024-05-13,40.21,40.46,39.64,39.72,1665656,BID
2024-05-13,22.53,22.53,22.12,22.15,7006487,CTG
2024-05-13,23.14,23.22,22.8,22.88,13182013,HPG
2024-05-13,61.16,61.36,60.1,60.43,1234518,VCB
2024-05-13,40.45,40.55,39.7,40.1,9099062,VHM
2024-05-13,58.91,59.09,57.85,58.21,2737626,VNM
2024-05-14,39.88,40.21,39.27,39.31,1950627,BID
2024-05-14,22.22,22.43,22.12,22.15,5646320,CTG
2024-05-14,23.03,23.26,22.8,22.88,15673953,HPG
2024-05-14,60.5,60.83,60.1,60.17,819950,VCB
2024-05-14,41.1,41.25,40.15,40.15,6868337,VHM
2024-05-14,58.29,59.27,58.29,58.82,2435304,VNM
2024-05-15,39.6,40.01,39.52,39.72,1394263,BID
2024-05-15,22.26,22.63,22.12,22.19,7931222,CTG
2024-05-15,22.92,23.75,22.92,23.64,45136493,HPG
2024-05-15,60.43,60.63,60.3,60.43,884744,VCB
2024-05-15,40.2,40.4,40.05,40.25,6596952,VHM
2024-05-15,59.18,59.53,59.0,59.27,3237247,VNM
2024-05-16,40.17,41.11,40.09,40.54,2099463,BID
2024-05-16,22.5,23.11,22.33,22.77,14198690,CTG
2024-05-16,23.94,24.13,23.83,23.94,27420436,HPG
2024-05-16,61.1,61.56,60.76,61.49,1715536,VCB
2024-05-16,40.3,40.4,40.15,40.25,8263436,VHM
2024-05-16,59.36,59.89,59.27,59.44,2914420,VNM
2024-05-17,40.58,40.62,40.21,40.33,1519945,BID
2024-05-17,22.87,22.91,22.57,22.7,5952383,CTG
2024-05-17,23.94,23.94,23.6,23.94,28657113,HPG
2024-05-17,61.49,61.49,60.9,60.96,1086438,VCB
2024-05-17,40.35,41.2,40.2,40.85,13311095,VHM
2024-05-17,59.53,59.97,59.09,59.27,4173675,VNM
2024-05-20,40.54,41.44,40.46,40.54,2194600,BID
2024-05-20,22.84,23.25,22.67,22.87,12153697,CTG
2024-05-20,23.98,24.36,23.94,24.24,46513904,HPG
2024-05-20,61.29,61.76,60.96,61.03,1045431,VCB
2024-05-20,41.05,41.25,40.45,40.45,9540756,VHM
2024-05-20,59.36,59.8,58.74,58.74,4925028,VNM
2024-05-21,40.87,41.11,40.38,40.87,1796281,BID
2024-05-21,22.94,23.39,22.87,23.08,6082959,CTG
2024-05-21,24.24,24.24,23.83,24.13,20879194,HPG
2024-05-21,61.03,61.1,60.23,60.5,1488654,VCB
2024-05-21,40.5,40.75,40.05,40.2,9643856,VHM
2024-05-21,58.74,58.91,58.21,58.56,3803505,VNM
2024-05-22,41.27,41.85,40.66,40.7,2430579,BID
2024-05-22,23.22,23.25,22.43,22.63,11645905,CTG
2024-05-22,24.13,24.2,23.6,23.71,39799786,HPG
2024-05-22,60.76,60.9,60.23,60.23,1349994,VCB
2024-05-22,40.2,41.65,40.2,40.35,11930773,VHM
2024-05-22,58.74,59.0,58.21,58.21,3621204,VNM
2024-05-23,40.7,41.03,40.38,40.46,1790055,BID
2024-05-23,22.6,22.81,22.36,22.81,5576562,CTG
2024-05-23,24.04,24.58,23.83,24.58,37896846,HPG
2024-05-23,60.23,60.76,60.1,60.43,1318403,VCB
2024-05-23,40.45,40.55,40.1,40.55,6389474,VHM
2024-05-23,58.38,59.27,58.21,59.27,2993637,VNM
2024-05-24,40.54,41.36,39.64,40.21,2177908,BID
2024-05-24,22.7,23.25,22.15,22.29,13925619,CTG
2024-05-24,24.42,24.58,23.75,24.08,30197105,HPG
2024-05-24,60.43,60.43,59.77,59.9,2243441,VCB
2024-05-24,40.4,40.55,39.75,39.8,12916069,VHM
2024-05-24,59.0,59.18,58.12,58.38,4109865,VNM
2024-05-27,40.38,40.38,39.68,39.97,765228,BID
2024-05-27,22.43,22.43,22.02,22.22,8221234,CTG
2024-05-27,24.08,24.42,23.87,24.08,15778527,HPG
2024-05-27,60.03,60.17,59.57,59.9,1060054,VCB
2024-05-27,39.85,40.05,39.75,39.8,4623039,VHM
2024-05-27,58.47,58.91,58.21,58.47,2339390,VNM
2024-05-28,40.05,40.21,39.72,40.13,1232312,BID
2024-05-28,22.26,22.29,21.74,22.08,24692517,CTG
2024-05-28,24.17,24.33,24.0,24.29,17576389,HPG
2024-05-28,59.63,60.23,59.63,60.23,1351470,VCB
2024-05-28,39.85,40.05,39.75,39.95,5557706,VHM
2024-05-28,58.65,59.53,58.47,59.09,5350287,VNM
2024-05-29,40.42,40.42,39.72,39.72,1390091,BID
2024-05-29,22.08,22.08,21.71,21.71,15637199,CTG
2024-05-29,24.25,24.37,23.83,23.83,21619795,HPG
2024-05-29,60.3,60.43,59.63,59.63,1188182,VCB
2024-05-29,40.0,40.1,39.45,39.45,8034994,VHM
2024-05-29,59.27,59.53,58.38,58.65,3362126,VNM
2024-05-30,39.56,39.64,38.74,38.99,2095616,BID
2024-05-30,21.5,22.02,21.5,21.81,9621606,CTG
2024-05-30,23.75,23.79,23.33,23.54,27283359,HPG
2024-05-30,59.44,59.57,58.77,58.84,2358180,VCB
2024-05-30,39.45,39.5,39.0,39.0,6427623,VHM
2024-05-30,58.47,58.56,57.94,58.12,4416677,VNM
2024-05-31,38.99,39.48,38.5,38.5,1970022,BID
2024-05-31,21.81,22.08,21.81,21.88,6192508,CTG
2024-05-31,23.67,24.0,23.37,23.83,17748524,HPG
2024-05-31,58.9,59.1,57.91,57.91,3927010,VCB
2024-05-31,39.2,39.65,38.85,38.85,5855530,VHM
2024-05-31,58.29,58.29,57.76,57.85,4149784,VNM
2024-06-03,39.15,39.6,38.58,38.66,2097260,BID
2024-06-03,22.12,22.5,21.98,22.36,9931998,CTG
2024-06-03,24.0,24.25,24.0,24.17,20647812,HPG
2024-06-03,58.44,59.3,58.44,58.57,2111127,VCB
2024-06-03,39.2,39.4,39.1,39.3,5244069,VHM
2024-06-03,58.21,58.91,58.12,58.47,3193327,VNM
2024-06-04,39.11,39.39,38.86,38.9,1116575,BID
2024-06-04,22.43,22.6,22.26,22.5,8847100,CTG
2024-06-04,24.17,24.83,24.17,24.42,39674519,HPG
2024-06-04,59.04,59.24,58.64,58.9,1818442,VCB
2024-06-04,39.4,40.2,39.4,39.4,7959547,VHM
2024-06-04,58.47,58.91,58.38,58.38,2447656,VNM
2024-06-05,39.15,39.39,38.94,38.94,1801566,BID
2024-06-05,22.57,22.6,22.22,22.22,8386715,CTG
2024-06-05,24.42,24.58,24.25,24.37,19207537,HPG
2024-06-05,58.9,59.44,58.84,58.97,1886226,VCB
2024-06-05,39.55,39.9,39.3,39.3,6219859,VHM
2024-06-05,58.56,61.21,58.56,60.59,11876432,VNM
2024-06-06,38.99,39.31,38.99,39.15,1414731,BID
2024-06-06,22.29,22.43,22.19,22.36,7439660,CTG
2024-06-06,24.37,24.71,24.08,24.42,20837091,HPG
2024-06-06,59.04,59.57,58.97,59.1,1702865,VCB
2024-06-06,39.4,39.6,39.0,39.05,5113068,VHM
2024-06-06,61.04,61.04,59.44,59.44,4893549,VNM
2024-06-07,39.31,39.48,38.99,39.03,1235300,BID
2024-06-07,22.5,22.57,22.39,22.5,4309934,CTG
2024-06-07,24.46,24.5,24.25,24.42,14893390,HPG
2024-06-07,59.17,59.57,58.77,58.77,1131101,VCB
2024-06-07,39.3,39.3,39.0,39.0,4521596,VHM
2024-06-07,59.8,60.68,59.71,59.97,4131178,VNM
2024-06-10,39.11,39.68,38.86,38.94,2065498,BID
2024-06-10,22.6,23.29,22.57,22.98,13322411,CTG
2024-06-10,24.5,24.54,24.29,24.42,20270733,HPG
2024-06-10,59.04,59.24,58.37,58.44,2643949,VCB
2024-06-10,39.15,39.2,38.85,38.9,6325346,VHM
2024-06-10,60.51,60.59,59.44,59.44,4569222,VNM
2024-06-11,39.07,39.11,38.58,38.7,2538535,BID
2024-06-11,23.29,23.29,22.74,22.77,10719054,CTG
2024-06-11,24.5,24.71,24.21,24.25,27003982,HPG
2024-06-11,58.64,58.71,57.84,57.91,2256534,VCB
2024-06-11,38.9,38.95,38.15,38.15,14405445,VHM
2024-06-11,59.62,59.71,58.74,58.82,6181560,VNM
2024-06-12,38.9,39.19,38.41,39.15,2651508,BID
2024-06-12,22.81,23.08,22.53,22.98,7594905,CTG
2024-06-12,24.17,24.67,24.17,24.67,19295443,HPG
2024-06-12,58.04,59.24,57.78,58.9,2251490,VCB
2024-06-12,38.15,38.85,37.7,38.5,12380303,VHM
2024-06-12,58.82,59.53,58.65,59.27,3427814,VNM
2024-06-13,39.52,39.52,39.15,39.52,2618192,BID
2024-06-13,23.32,23.42,22.98,23.25,14014007,CTG
2024-06-13,24.71,24.75,24.42,24.58,20563088,HPG
2024-06-13,59.04,59.17,58.71,58.71,1603414,VCB
2024-06-13,38.55,38.7,38.1,38.25,5995167,VHM
2024-06-13,59.27,59.62,59.09,59.18,2807130,VNM
2024-06-14,39.56,39.84,38.82,38.82,2243470,BID
2024-06-14,23.25,23.29,22.5,22.5,10433839,CTG
2024-06-14,24.58,24.96,24.25,24.25,34310393,HPG
2024-06-14,58.77,59.17,58.11,58.11,2484887,VCB
2024-06-14,38.4,38.85,38.05,38.2,8595447,VHM
2024-06-14,59.27,59.53,58.56,58.56,4127632,VNM
2024-06-17,38.82,38.82,38.0,38.0,2815727,BID
2024-06-17,22.5,22.6,22.15,22.46,8420700,CTG
2024-06-17,24.25,24.96,24.17,24.54,34389484,HPG
2024-06-17,58.17,58.31,57.84,57.84,2295281,VCB
2024-06-17,38.25,38.5,37.9,38.3,8597395,VHM
2024-06-17,58.65,58.91,58.38,58.38,3621867,VNM
2024-06-18,38.17,38.45,38.0,38.0,1470307,BID
2024-06-18,22.46,22.53,22.19,22.19,7749511,CTG
2024-06-18,24.58,24.75,24.5,24.5,16545599,HPG
2024-06-18,58.11,58.77,57.84,57.84,1372946,VCB
2024-06-18,38.5,38.5,38.2,38.3,6590685,VHM
2024-06-18,58.82,58.82,58.29,58.29,2754686,VNM
2024-06-19,38.25,38.25,37.47,37.68,2602167,BID
2024-06-19,22.22,22.33,21.91,22.29,6707065,CTG
2024-06-19,24.58,24.62,24.37,24.46,19187496,HPG
2024-06-19,57.97,58.11,57.44,57.51,2176749,VCB
2024-06-19,38.3,38.35,37.75,38.0,8002303,VHM
2024-06-19,58.38,58.38,57.59,57.76,6160999,VNM
2024-06-20,37.6,37.76,37.06,37.19,2673823,BID
2024-06-20,22.15,22.33,21.95,22.08,7046138,CTG
2024-06-20,24.37,24.5,24.12,24.46,27788213,HPG
2024-06-20,57.51,57.51,56.85,57.11,2654038,VCB
2024-06-20,37.9,38.0,37.55,38.0,7591374,VHM
2024-06-20,57.85,59.09,57.67,58.38,4400155,VNM
2024-06-21,37.27,37.96,37.23,37.27,1542112,BID
2024-06-21,22.22,22.26,22.05,22.08,4905568,CTG
2024-06-21,24.46,24.46,24.17,24.21,14297102,HPG
2024-06-21,57.18,57.58,56.78,57.11,1809985,VCB
2024-06-21,37.75,37.8,37.45,37.75,13034114,VHM
2024-06-21,58.82,59.36,58.38,58.38,3970969,VNM
2024-06-24,37.6,37.88,36.78,36.78,1954551,BID
2024-06-24,22.08,22.19,21.64,21.71,8441901,CTG
2024-06-24,24.17,24.25,23.54,23.92,37872553,HPG
2024-06-24,57.11,58.04,56.78,56.78,2153682,VCB
2024-06-24,37.75,38.2,37.1,37.45,7677122,VHM
2024-06-24,58.47,58.91,57.76,57.94,3851919,VNM
2024-06-25,37.11,37.35,35.59,36.13,2894172,BID
2024-06-25,21.88,21.88,21.57,21.67,5415929,CTG
2024-06-25,23.83,24.21,23.75,23.92,16665373,HPG
2024-06-25,56.91,57.58,56.78,56.78,1567779,VCB
2024-06-25,37.3,38.05,37.2,37.8,6352729,VHM
2024-06-25,58.21,58.56,57.94,57.94,2436399,VNM
2024-06-26,36.17,36.62,35.96,36.37,1692167,BID
2024-06-26,21.67,21.71,21.3,21.47,6559416,CTG
2024-06-26,23.96,24.33,23.83,24.08,19757460,HPG
2024-06-26,57.04,57.31,56.58,56.58,1709970,VCB
2024-06-26,37.8,38.15,37.5,37.5,4539450,VHM
2024-06-26,58.21,58.21,57.59,57.67,2488180,VNM
2024-06-27,36.53,36.78,36.04,36.04,1575076,BID
2024-06-27,21.47,21.54,21.36,21.47,4085634,CTG
2024-06-27,24.17,24.21,23.92,24.04,10087714,HPG
2024-06-27,56.58,57.11,56.58,56.58,1425080,VCB
2024-06-27,37.5,37.85,37.35,37.6,3455564,VHM
2024-06-27,57.67,58.03,57.59,57.76,2710114,VNM
2024-06-28,36.04,36.45,35.35,35.35,2123329,BID
2024-06-28,21.47,21.57,21.26,21.26,4523875,CTG
2024-06-28,23.96,24.08,23.58,23.58,22218009,HPG
2024-06-28,57.11,57.11,56.45,56.58,1114085,VCB
2024-06-28,37.6,37.75,37.3,37.65,5967553,VHM
2024-06-28,57.94,58.38,57.76,57.94,2735071,VNM
2024-07-01,35.39,35.88,35.14,35.88,1239342,BID
2024-07-01,21.16,21.95,21.16,21.95,3926501,CTG
2024-07-01,23.58,23.75,23.37,23.62,13583269,HPG
2024-07-01,56.98,57.24,56.58,57.18,1180816,VCB
2024-07-01,37.65,37.7,37.1,37.7,4519066,VHM
2024-07-01,58.21,58.38,57.76,58.38,1911478,VNM
2024-07-02,36.17,37.43,36.0,37.39,3615544,BID
2024-07-02,21.95,22.19,21.88,22.15,5125630,CTG
2024-07-02,23.62,24.04,23.54,23.92,21287052,HPG
2024-07-02,57.58,58.97,57.24,58.57,2428337,VCB
2024-07-02,37.75,38.35,37.55,38.15,5425725,VHM
2024-07-02,58.38,58.65,58.21,58.56,2044987,VNM
2024-07-03,37.6,38.58,37.23,38.58,4605235,BID
2024-07-03,22.19,22.29,21.98,22.19,3318740,CTG
2024-07-03,24.17,24.25,23.92,23.96,17279452,HPG
2024-07-03,58.44,58.9,58.31,58.77,2252635,VCB
2024-07-03,38.05,38.2,37.7,38.1,5234921,VHM
2024-07-03,58.56,58.65,58.38,58.56,1334249,VNM
2024-07-04,38.41,38.74,38.25,38.66,2668392,BID
2024-07-04,22.22,22.29,21.98,22.15,2528523,CTG
2024-07-04,24.04,24.21,23.83,23.92,9370324,HPG
2024-07-04,58.84,59.57,58.44,58.44,3062719,VCB
2024-07-04,38.1,38.5,37.8,38.45,7467001,VHM
2024-07-04,58.65,59.18,58.65,58.74,2691198,VNM
2024-07-05,38.7,39.39,38.5,38.66,4625999,BID
2024-07-05,22.19,22.53,22.02,22.43,5592654,CTG
2024-07-05,23.92,24.12,23.83,23.87,12379504,HPG
2024-07-05,58.51,59.24,58.44,58.44,1849175,VCB
2024-07-05,38.3,38.5,37.95,38.45,6575103,VHM
2024-07-05,58.74,59.71,58.74,59.44,4183952,VNM
2024-07-08,38.86,39.07,38.21,38.41,1984524,BID
2024-07-08,22.46,22.46,22.15,22.36,3855058,CTG
2024-07-08,23.92,24.21,23.87,24.0,18453505,HPG
2024-07-08,58.44,58.9,57.91,57.91,1145562,VCB
2024-07-08,38.15,38.4,37.8,38.0,7924228,VHM
2024-07-08,59.53,59.89,59.27,59.8,4946406,VNM
2024-07-09,38.82,39.23,38.33,38.82,2574979,BID
2024-07-09,22.36,22.5,22.22,22.43,4735023,CTG
2024-07-09,24.0,24.33,23.96,24.17,22579018,HPG
2024-07-09,58.11,58.71,57.58,58.51,1551172,VCB
2024-07-09,38.0,38.3,37.8,38.3,8197017,VHM
2024-07-09,59.8,59.97,59.44,59.71,5048980,VNM
2024-07-10,39.11,39.15,38.33,38.33,2021521,BID
2024-07-10,22.43,22.53,22.22,22.22,5207417,CTG
2024-07-10,24.25,24.58,24.12,24.12,31001479,HPG
2024-07-10,58.64,59.24,58.44,58.84,1725458,VCB
2024-07-10,38.35,38.4,37.95,38.25,5452937,VHM
2024-07-10,59.71,59.97,59.09,59.09,3884733,VNM
2024-07-11,38.78,38.78,38.25,38.25,1295594,BID
2024-07-11,22.29,22.36,22.08,22.08,3869535,CTG
2024-07-11,24.29,24.37,24.04,24.04,14527557,HPG
2024-07-11,58.84,59.04,58.51,58.51,1446841,VCB
2024-07-11,38.25,38.7,38.1,38.45,8805038,VHM
2024-07-11,59.18,59.27,58.65,58.65,3789635,VNM
2024-07-12,38.33,38.58,37.8,38.09,1437570,BID
2024-07-12,22.08,22.15,21.88,21.95,3875711,CTG
2024-07-12,24.08,24.12,23.71,23.75,18069224,HPG
2024-07-12,58.57,58.84,58.17,58.17,1374637,VCB
2024-07-12,38.5,38.85,38.3,38.5,5138832,VHM
2024-07-12,58.74,58.91,58.47,58.65,2081812,VNM
2024-07-15,38.41,38.45,37.84,38.05,1186390,BID
2024-07-15,21.98,22.08,21.95,22.02,2452363,CTG
2024-07-15,23.79,23.96,23.5,23.71,16310035,HPG
2024-07-15,58.17,58.64,58.11,58.11,1174084,VCB
2024-07-15,38.5,38.5,37.8,38.0,4889944,VHM
2024-07-15,58.65,59.18,58.56,58.56,2157757,VNM
2024-07-16,38.25,39.48,38.0,38.54,4083531,BID
2024-07-16,22.05,22.53,22.02,22.29,6591821,CTG
2024-07-16,23.75,23.87,23.67,23.71,12341155,HPG
2024-07-16,58.17,58.84,58.17,58.37,1535446,VCB
2024-07-16,37.8,38.05,37.65,37.9,4768516,VHM
2024-07-16,58.74,59.0,58.47,58.47,2245463,VNM
2024-07-17,39.15,40.87,38.86,39.23,7862737,BID
2024-07-17,22.43,23.18,22.33,22.63,22607811,CTG
2024-07-17,23.79,23.83,23.0,23.5,25573686,HPG
2024-07-17,58.97,59.77,58.11,58.44,3365241,VCB
2024-07-17,37.9,37.9,36.8,37.3,7037089,VHM
2024-07-17,58.56,58.82,58.03,58.12,3468308,VNM
2024-07-18,39.72,40.29,39.11,39.64,3365146,BID
2024-07-18,22.84,22.94,22.46,22.94,8114071,CTG
2024-07-18,23.5,23.71,23.37,23.67,20492770,HPG
2024-07-18,58.64,58.97,58.37,58.44,1653687,VCB
2024-07-18,37.25,37.45,36.7,37.45,6289033,VHM
2024-07-18,58.38,58.38,57.94,58.29,2284658,VNM
2024-07-19,39.88,40.05,38.82,38.99,3084606,BID
2024-07-19,22.81,23.18,22.46,22.91,10151078,CTG
2024-07-19,23.67,23.67,23.5,23.5,11877885,HPG
2024-07-19,58.44,58.97,58.11,58.11,1325123,VCB
2024-07-19,37.7,38.2,37.55,37.85,6183999,VHM
2024-07-19,58.29,58.29,57.59,57.76,3396038,VNM
2024-07-22,38.99,39.8,38.58,38.99,3440872,BID
2024-07-22,22.77,23.39,22.74,23.08,15874055,CTG
2024-07-22,23.42,23.5,23.12,23.37,18424118,HPG
2024-07-22,58.11,58.64,57.97,58.24,1463116,VCB
2024-07-22,38.0,38.0,37.3,37.9,5137913,VHM
2024-07-22,57.76,58.38,57.67,57.85,2657788,VNM
2024-07-23,39.07,39.44,36.37,37.6,3362032,BID
2024-07-23,23.11,23.11,21.98,22.22,9828994,CTG
2024-07-23,23.37,23.5,23.17,23.17,15071448,HPG
2024-07-23,58.31,58.64,58.11,58.11,1412799,VCB
2024-07-23,37.65,37.95,37.35,37.85,4861895,VHM
2024-07-23,58.03,58.65,57.94,58.29,3780379,VNM
2024-07-24,36.78,38.29,36.78,37.68,2480906,BID
2024-07-24,22.19,22.29,21.74,22.08,10319378,CTG
2024-07-24,23.12,23.29,22.58,23.08,19254395,HPG
2024-07-24,58.04,58.51,58.04,58.11,1477891,VCB
2024-07-24,37.6,37.85,37.4,37.85,4431667,VHM
2024-07-24,58.21,58.47,58.03,58.03,3615591,VNM
2024-07-25,37.96,37.96,37.19,37.6,1466567,BID
2024-07-25,21.95,21.95,21.54,21.64,6107949,CTG
2024-07-25,23.0,23.04,22.75,22.79,13334622,HPG
2024-07-25,58.17,58.24,57.91,57.97,882334,VCB
2024-07-25,37.6,38.3,37.55,37.8,6226674,VHM
2024-07-25,58.03,58.12,57.76,58.03,1958885,VNM
2024-07-26,37.84,38.05,37.47,37.8,1239588,BID
2024-07-26,21.64,22.05,21.64,21.98,3282710,CTG
2024-07-26,22.79,23.04,22.79,22.87,8818384,HPG
2024-07-26,57.97,58.24,57.91,57.97,904427,VCB
2024-07-26,37.8,37.9,37.5,37.75,3908300,VHM
2024-07-26,57.85,58.56,57.85,58.21,2976837,VNM
2024-07-29,37.88,38.62,37.88,38.5,1046716,BID
2024-07-29,22.05,22.19,22.02,22.02,3121775,CTG
2024-07-29,23.04,23.42,23.0,23.25,15458145,HPG
2024-07-29,58.17,58.31,57.97,57.97,454233,VCB
2024-07-29,37.75,37.9,37.1,37.1,4356000,VHM
2024-07-29,58.56,59.8,58.29,59.44,5785374,VNM
2024-07-30,38.7,38.7,38.0,38.25,2283675,BID
2024-07-30,21.95,22.02,21.81,21.95,4285869,CTG
2024-07-30,23.33,23.5,23.25,23.25,15553762,HPG
2024-07-30,57.97,58.64,57.97,58.11,978889,VCB
2024-07-30,37.1,37.2,36.7,36.7,4684400,VHM
2024-07-30,59.53,60.51,59.18,59.89,6381582,VNM
2024-07-31,38.41,39.56,38.33,38.9,3163962,BID
2024-07-31,21.95,22.15,21.81,21.95,6544615,CTG
2024-07-31,23.25,23.25,22.58,22.67,24314481,HPG
2024-07-31,58.11,59.24,58.11,59.24,1865641,VCB
2024-07-31,36.85,37.05,36.65,36.7,3718200,VHM
2024-07-31,60.59,63.69,60.59,63.34,21167413,VNM
2024-08-01,39.15,39.97,38.25,38.25,3828424,BID
2024-08-01,21.95,22.26,21.47,21.57,8814606,CTG
2024-08-01,22.92,23.04,22.17,22.25,30510117,HPG
2024-08-01,59.3,60.7,59.24,60.23,4807705,VCB
2024-08-01,36.75,37.0,36.0,36.45,6190900,VHM
2024-08-01,63.51,63.6,62.01,62.19,8872145,VNM
2024-08-02,38.0,39.03,38.0,39.03,1970252,BID
2024-08-02,21.3,21.64,20.75,21.64,10413159,CTG
2024-08-02,22.21,22.75,22.08,22.71,17560447,HPG
2024-08-02,60.03,60.03,58.9,58.9,1512887,VCB
2024-08-02,36.05,36.3,34.6,36.0,8614000,VHM
2024-08-02,61.92,63.6,61.92,63.25,10298482,VNM
2024-08-05,38.33,38.58,36.78,37.68,2725167,BID
2024-08-05,21.19,21.23,20.58,20.68,10634485,CTG
2024-08-05,22.33,22.37,21.5,21.62,45645266,HPG
2024-08-05,58.77,58.77,57.71,57.71,3063084,VCB
2024-08-05,35.2,35.7,34.0,34.5,9956500,VHM
2024-08-05,62.81,62.98,60.59,61.39,12162219,VNM
2024-08-06,37.92,38.94,37.47,38.21,1807610,BID
2024-08-06,20.92,20.99,20.54,20.95,4873125,CTG
2024-08-06,21.71,22.04,21.54,21.92,19776551,HPG
2024-08-06,57.71,58.24,57.58,57.97,1654296,VCB
2024-08-06,34.8,34.8,34.0,34.8,5853400,VHM
2024-08-06,62.19,64.84,61.92,64.31,13505235,VNM
2024-08-07,38.74,38.74,37.6,37.92,2146141,BID
2024-08-07,21.02,21.02,20.61,20.71,3894499,CTG
2024-08-07,22.04,22.04,21.62,21.71,15426972,HPG
2024-08-07,58.04,58.24,57.78,58.24,714053,VCB
2024-08-07,36.95,37.2,36.6,37.2,36732700,VHM
2024-08-07,64.75,65.28,64.04,65.28,10709270,VNM
2024-08-08,38.0,38.25,37.35,37.6,1425343,BID
2024-08-08,20.71,20.88,20.61,20.71,5156057,CTG
2024-08-08,21.62,21.75,21.29,21.33,21940263,HPG
2024-08-08,58.24,58.24,57.91,57.97,962297,VCB
2024-08-08,37.5,38.1,36.95,37.6,8833300,VHM
2024-08-08,65.37,65.81,63.87,64.31,5817168,VNM
2024-08-09,38.41,38.41,37.88,38.17,1051831,BID
2024-08-09,20.82,21.6,20.82,21.6,7181872,CTG
2024-08-09,21.58,21.75,21.42,21.71,12134942,HPG
2024-08-09,58.04,58.64,58.04,58.24,1137871,VCB
2024-08-09,37.8,37.8,36.8,37.2,8691600,VHM
2024-08-09,64.4,64.93,64.13,64.84,4530433,VNM
2024-08-12,38.17,38.7,38.0,38.25,1360111,BID
2024-08-12,21.64,21.78,21.4,21.74,3054328,CTG
2024-08-12,21.71,21.75,21.42,21.54,12589646,HPG
2024-08-12,58.71,58.71,57.97,58.31,1061597,VCB
2024-08-12,37.15,37.15,36.35,36.5,8353000,VHM
2024-08-12,64.84,65.81,64.4,64.57,5808119,VNM
2024-08-13,38.41,38.54,38.0,38.13,1016649,BID
2024-08-13,21.84,21.84,21.5,21.84,3765728,CTG
2024-08-13,21.58,21.62,21.0,21.17,26271625,HPG
2024-08-13,58.17,59.44,58.17,59.44,1593947,VCB
2024-08-13,36.35,36.65,35.85,36.35,7145900,VHM
2024-08-13,64.4,65.81,64.31,65.28,6740336,VNM
2024-08-14,38.25,39.03,38.25,38.45,1705367,BID
2024-08-14,21.84,21.95,21.67,21.81,4669884,CTG
2024-08-14,21.25,21.42,21.08,21.21,13709893,HPG
2024-08-14,59.3,59.37,58.31,58.44,1494847,VCB
2024-08-14,36.35,37.4,36.0,37.2,10119200,VHM
2024-08-14,65.46,65.55,64.84,65.46,5459112,VNM
2024-08-15,38.45,38.78,38.13,38.13,1005251,BID
2024-08-15,21.81,21.91,21.57,21.84,4423049,CTG
2024-08-15,21.21,21.21,21.0,21.0,16250512,HPG
2024-08-15,58.44,58.97,58.17,58.17,922035,VCB
2024-08-15,37.5,38.3,37.15,37.85,17778700,VHM
2024-08-15,65.46,65.99,65.19,65.28,4258433,VNM
2024-08-16,38.21,39.27,38.21,38.82,2384649,BID
2024-08-16,21.84,22.29,21.81,22.29,7860794,CTG
2024-08-16,21.0,21.42,20.83,21.33,36348653,HPG
2024-08-16,58.44,59.04,58.44,58.51,1371799,VCB
2024-08-16,38.2,38.7,38.0,38.4,14796100,VHM
2024-08-16,65.46,65.55,64.75,65.28,7396631,VNM
2024-08-19,39.07,39.64,38.9,39.15,2109637,BID
2024-08-19,22.29,22.43,22.19,22.39,5866428,CTG
2024-08-19,21.5,21.96,21.42,21.54,24443930,HPG
2024-08-19,58.97,59.3,58.64,58.97,1656591,VCB
2024-08-19,38.6,38.8,38.2,38.6,10779700,VHM
2024-08-19,65.46,67.23,65.28,67.23,7924678,VNM
2024-08-20,39.48,40.21,39.35,40.17,4363152,BID
2024-08-20,22.39,22.87,22.36,22.77,10771948,CTG
2024-08-20,21.67,21.83,21.5,21.5,20465987,HPG
2024-08-20,59.04,60.3,59.04,60.3,3387268,VCB
2024-08-20,38.6,39.8,38.5,39.4,17552300,VHM
2024-08-20,67.23,67.41,66.61,66.87,4181936,VNM
2024-08-21,40.42,41.52,40.09,41.36,6176457,BID
2024-08-21,22.81,23.46,22.63,23.46,27489661,CTG
2024-08-21,21.54,21.87,21.5,21.79,24826883,HPG
2024-08-21,60.3,61.76,60.03,61.63,2751625,VCB
2024-08-21,39.25,39.75,38.9,39.75,13661500,VHM
2024-08-21,66.52,67.32,66.43,66.61,3994706,VNM
2024-08-22,41.68,41.93,40.78,41.11,2741504,BID
2024-08-22,23.56,24.01,23.53,23.73,11493304,CTG
2024-08-22,21.83,21.87,21.42,21.46,24051112,HPG
2024-08-22,61.69,61.89,61.16,61.36,1416616,VCB
2024-08-22,39.75,40.15,39.5,39.8,9224500,VHM
2024-08-22,67.23,67.23,65.11,65.64,6031982,VNM
2024-08-23,41.03,41.52,40.95,41.27,2275733,BID
2024-08-23,23.59,23.97,23.42,23.97,9868643,CTG
2024-08-23,21.46,21.71,21.17,21.71,22423963,HPG
2024-08-23,61.43,61.63,60.1,61.36,1078085,VCB
2024-08-23,39.6,40.0,39.35,39.75,9340600,VHM
2024-08-23,66.26,66.87,65.81,66.26,3310515,VNM
2024-08-26,41.52,41.6,40.95,41.03,2249313,BID
2024-08-26,24.01,24.01,23.59,23.73,9590123,CTG
2024-08-26,21.79,22.0,21.62,21.67,21660542,HPG
2024-08-26,61.16,61.49,60.83,61.1,1569224,VCB
2024-08-26,39.85,40.75,39.85,40.5,15625100,VHM
2024-08-26,66.26,66.34,64.84,64.93,6329637,VNM
2024-08-27,41.11,41.11,40.13,40.54,4162989,BID
2024-08-27,23.73,24.01,23.49,23.9,11703564,CTG
2024-08-27,21.67,21.71,21.42,21.46,12463767,HPG
2024-08-27,61.1,61.16,60.37,60.76,902760,VCB
2024-08-27,40.5,42.3,40.35,41.4,18219300,VHM
2024-08-27,64.93,65.28,64.22,65.02,4269971,VNM
2024-08-28,40.54,41.11,40.46,40.54,1207704,BID
2024-08-28,23.94,23.97,23.66,23.94,5942045,CTG
2024-08-28,21.54,21.62,21.37,21.42,18668043,HPG
2024-08-28,60.9,61.03,60.5,60.5,1032939,VCB
2024-08-28,41.7,41.8,40.6,40.9,11199200,VHM
2024-08-28,65.11,65.46,64.75,65.37,3355013,VNM
2024-08-29,40.29,41.36,40.29,40.29,1687720,BID
2024-08-29,23.97,24.25,23.66,24.01,12535801,CTG
2024-08-29,21.5,21.62,21.33,21.33,16174288,HPG
2024-08-29,60.43,61.36,60.43,60.76,1497431,VCB
2024-08-29,40.85,41.5,40.7,41.5,9304200,VHM
2024-08-29,65.19,65.46,64.93,65.02,2044649,VNM
2024-08-30,40.5,40.62,39.97,39.97,1799461,BID
2024-08-30,24.01,24.07,23.77,24.04,8127134,CTG
2024-08-30,21.42,21.46,21.25,21.25,17977045,HPG
2024-08-30,60.76,61.29,60.76,60.9,1671053,VCB
2024-08-30,41.5,41.65,41.1,41.5,11320600,VHM
2024-08-30,65.11,66.17,64.93,65.37,3679027,VNM
2024-09-04,39.64,40.42,39.35,40.01,1973073,BID
2024-09-04,23.73,24.21,23.63,24.21,10451534,CTG
2024-09-04,21.08,21.21,20.92,21.04,19080426,HPG
2024-09-04,60.5,60.5,59.97,60.43,1014236,VCB
2024-09-04,41.0,42.5,41.0,42.5,13810200,VHM
2024-09-04,64.84,65.9,64.66,65.72,2842048,VNM
2024-09-05,39.84,40.46,39.72,39.8,1901203,BID
2024-09-05,24.14,24.35,23.73,24.01,8508656,CTG
2024-09-05,21.12,21.12,20.83,20.87,22584753,HPG
2024-09-05,60.17,60.5,59.83,59.83,1185511,VCB
2024-09-05,42.7,44.45,42.7,43.75,22146100,VHM
2024-09-05,65.72,66.7,65.55,66.08,5862150,VNM
2024-09-06,39.8,40.46,39.76,40.29,2363275,BID
2024-09-06,23.87,24.35,23.73,24.35,9161337,CTG
2024-09-06,20.87,21.17,20.62,21.17,22872838,HPG
2024-09-06,59.9,60.3,59.63,59.9,785854,VCB
2024-09-06,44.0,44.0,43.25,43.9,10230400,VHM
2024-09-06,66.26,66.79,66.17,66.7,3645061,VNM
2024-09-09,40.21,40.5,39.97,40.09,1203365,BID
2024-09-09,24.14,24.31,24.01,24.31,5378745,CTG
2024-09-09,21.17,21.83,21.08,21.33,32665005,HPG
2024-09-09,59.83,59.9,59.24,59.9,703748,VCB
2024-09-09,43.65,43.65,43.0,43.0,10300900,VHM
2024-09-09,66.43,66.43,65.64,66.17,2641519,VNM
2024-09-10,40.29,40.29,39.6,39.64,2401313,BID
2024-09-10,24.28,24.38,23.87,23.97,7477065,CTG
2024-09-10,21.46,21.54,20.96,20.96,15034285,HPG
2024-09-10,59.83,59.9,59.1,59.1,1193581,VCB
2024-09-10,43.15,43.55,42.15,42.8,12930600,VHM
2024-09-10,66.17,66.79,65.72,66.26,3335353,VNM
2024-09-11,39.6,39.76,39.23,39.48,1407787,BID
2024-09-11,23.97,24.07,23.63,23.97,5496885,CTG
2024-09-11,20.96,21.29,20.87,21.12,14222396,HPG
2024-09-11,58.84,59.1,58.44,58.71,1029054,VCB
2024-09-11,42.55,43.15,41.75,43.0,13399000,VHM
2024-09-11,66.17,66.43,65.37,65.99,3167882,VNM
2024-09-12,39.64,39.8,39.52,39.52,1105781,BID
2024-09-12,24.18,24.18,23.8,24.01,5001826,CTG
2024-09-12,21.17,21.29,20.92,20.92,9046522,HPG
2024-09-12,58.77,59.83,58.71,59.44,1610394,VCB
2024-09-12,43.4,43.5,43.1,43.1,5663400,VHM
2024-09-12,66.34,66.52,65.81,66.08,2054428,VNM
2024-09-13,39.39,39.68,39.39,39.39,747831,BID
2024-09-13,23.87,24.01,23.77,23.94,3441457,CTG
2024-09-13,20.96,21.08,20.83,20.83,12436961,HPG
2024-09-13,59.63,59.9,59.17,59.7,1625774,VCB
2024-09-13,43.05,43.4,42.7,43.0,5405000,VHM
2024-09-13,66.17,66.17,64.49,64.49,5350666,VNM
2024-09-16,39.39,39.72,39.03,39.03,1571633,BID
2024-09-16,23.97,23.97,23.66,23.77,5812745,CTG
2024-09-16,20.83,21.04,20.71,20.71,14586621,HPG
2024-09-16,59.5,59.77,58.97,59.04,728926,VCB
2024-09-16,42.85,42.9,41.75,41.75,8361100,VHM
2024-09-16,64.57,64.57,63.6,63.6,4039871,VNM
2024-09-17,39.07,39.8,38.82,39.8,1364317,BID
2024-09-17,23.7,23.97,23.56,23.97,5232577,CTG
2024-09-17,20.75,21.04,20.67,21.04,13183955,HPG
2024-09-17,59.1,60.1,58.84,60.1,971859,VCB
2024-09-17,41.75,44.0,41.7,44.0,15786300,VHM
2024-09-17,63.69,64.93,63.42,64.93,2392584,VNM
2024-09-18,39.88,40.42,39.64,40.09,1837615,BID
2024-09-18,23.97,24.9,23.87,24.49,17495903,CTG
2024-09-18,21.04,21.12,20.92,20.92,13246366,HPG
2024-09-18,60.17,61.03,59.57,60.43,1722387,VCB
2024-09-18,44.1,45.15,43.9,43.9,12485300,VHM
2024-09-18,65.11,65.37,64.57,64.84,2847879,VNM
2024-09-19,40.21,40.38,39.88,40.25,1357466,BID
2024-09-19,24.52,24.83,24.42,24.69,5840828,CTG
2024-09-19,21.08,21.25,21.0,21.04,13688336,HPG
2024-09-19,60.43,60.9,60.37,60.76,1346904,VCB
2024-09-19,43.9,44.4,43.75,44.15,9903100,VHM
2024-09-19,64.84,65.02,64.57,64.84,1574276,VNM
2024-09-20,40.46,40.78,40.09,40.09,2654632,BID
2024-09-20,24.73,25.14,24.66,24.69,13171663,CTG
2024-09-20,21.25,21.71,21.21,21.37,44610751,HPG
2024-09-20,60.96,61.1,60.17,60.17,2181722,VCB
2024-09-20,44.2,44.9,43.7,43.75,25318400,VHM
2024-09-20,65.02,65.46,64.31,64.31,5234412,VNM
2024-09-23,40.09,40.38,39.8,39.8,1218959,BID
2024-09-23,24.66,24.9,24.45,24.62,4443251,CTG
2024-09-23,21.5,21.75,21.42,21.42,15527107,HPG
2024-09-23,60.63,60.83,60.37,60.37,697895,VCB
2024-09-23,43.8,44.1,43.15,43.65,7376000,VHM
2024-09-23,64.66,64.75,64.22,64.49,2933886,VNM
2024-09-24,40.01,40.25,39.64,40.25,1415266,BID
2024-09-24,24.62,24.83,24.45,24.73,5550700,CTG
2024-09-24,21.42,21.54,21.37,21.54,10658205,HPG
2024-09-24,60.37,60.76,60.37,60.56,523790,VCB
2024-09-24,43.65,44.25,43.45,44.25,6958300,VHM
2024-09-24,64.99,64.99,64.17,64.35,2080216,VNM
2024-09-25,40.62,41.19,40.33,40.87,5261327,BID
2024-09-25,25.03,25.1,24.69,24.69,9804257,CTG
2024-09-25,21.75,22.0,21.71,21.83,41032922,HPG
2024-09-25,60.76,61.76,60.56,61.63,2604508,VCB
2024-09-25,44.4,44.4,43.8,44.15,10672900,VHM
2024-09-25,64.35,64.44,63.71,63.71,4525095,VNM
2024-09-26,41.11,41.52,40.74,40.87,4236900,BID
2024-09-26,24.69,25.0,24.31,24.97,22837522,CTG
2024-09-26,21.92,22.04,21.71,21.71,21761557,HPG
2024-09-26,61.69,62.29,61.43,61.43,1820054,VCB
2024-09-26,44.2,44.6,44.1,44.4,12259400,VHM
2024-09-26,63.71,65.08,63.71,64.71,3987434,VNM
2024-09-27,41.11,42.25,40.87,40.95,3206731,BID
2024-09-27,25.0,25.75,25.0,25.38,15627097,CTG
2024-09-27,21.79,21.92,21.58,21.71,30557451,HPG
2024-09-27,61.43,62.16,61.43,61.43,1073168,VCB
2024-09-27,44.5,44.6,43.0,43.4,16363400,VHM
2024-09-27,64.81,65.17,64.71,64.99,2971446,VNM
2024-09-30,40.95,41.03,40.54,40.62,2192128,BID
2024-09-30,25.31,25.51,25.14,25.34,4847225,CTG
2024-09-30,21.83,22.17,21.79,21.96,37445314,HPG
2024-09-30,61.43,61.43,61.1,61.1,1278350,VCB
2024-09-30,43.5,43.5,42.55,42.8,9129100,VHM
2024-09-30,64.99,64.99,64.17,64.17,2046753,VNM
2024-10-01,40.62,41.44,40.62,40.62,2820043,BID
2024-10-01,25.34,25.45,24.93,25.03,12321572,CTG
2024-10-01,22.33,22.5,22.21,22.29,37876498,HPG
2024-10-01,61.29,62.03,61.1,61.1,1725848,VCB
2024-10-01,42.9,44.1,42.9,43.45,11220500,VHM
2024-10-01,64.26,64.71,64.17,64.17,2042595,VNM
2024-10-02,40.62,41.03,40.54,40.7,1836154,BID
2024-10-02,24.79,25.0,24.66,24.69,11276460,CTG
2024-10-02,22.25,22.25,21.92,21.92,21303476,HPG
2024-10-02,61.29,61.56,60.96,61.56,1380621,VCB
2024-10-02,43.05,43.45,42.85,43.4,7970100,VHM
2024-10-02,64.26,64.26,63.71,64.17,2142472,VNM
2024-10-03,40.7,41.52,40.46,40.46,3506280,BID
2024-10-03,24.69,25.21,24.62,24.83,9115917,CTG
2024-10-03,22.04,22.21,21.75,21.83,26814467,HPG
2024-10-03,61.49,62.36,61.36,61.49,1700784,VCB
2024-10-03,43.0,43.25,41.6,41.6,26887200,VHM
2024-10-03,64.26,64.53,63.98,64.35,2949988,VNM
2024-10-04,40.46,40.54,40.17,40.21,2165968,BID
2024-10-04,24.79,24.79,24.42,24.42,8548773,CTG
2024-10-04,21.83,22.08,21.75,21.83,17564765,HPG
2024-10-04,61.43,61.63,61.29,61.29,860495,VCB
2024-10-04,41.55,41.95,41.15,41.5,6764300,VHM
2024-10-04,64.53,64.53,62.61,62.7,6140641,VNM
2024-10-07,40.46,40.46,40.05,40.09,1494152,BID
2024-10-07,24.62,24.66,24.35,24.55,5301193,CTG
2024-10-07,22.0,22.08,21.83,22.0,12476892,HPG
2024-10-07,61.29,61.43,60.96,61.1,611894,VCB
2024-10-07,41.65,41.8,40.9,41.2,7224100,VHM
2024-10-07,62.88,63.43,61.42,61.42,5995180,VNM
2024-10-08,40.09,40.33,39.88,39.97,1902042,BID
2024-10-08,24.55,24.79,24.38,24.52,6641665,CTG
2024-10-08,22.0,22.58,21.96,22.46,38191818,HPG
2024-10-08,61.1,61.1,60.43,60.76,1124515,VCB
2024-10-08,41.45,41.6,40.7,41.6,8581400,VHM
2024-10-08,61.51,62.43,61.51,62.43,2890240,VNM
2024-10-09,40.21,40.54,39.88,40.42,2192302,BID
2024-10-09,24.55,25.1,24.49,24.76,9146465,CTG
2024-10-09,22.62,22.92,22.54,22.92,41639882,HPG
2024-10-09,60.63,60.96,60.37,60.43,2176865,VCB
2024-10-09,41.65,42.55,41.6,42.5,6742900,VHM
2024-10-09,62.52,62.79,62.06,62.06,3532506,VNM
2024-10-10,40.82,40.82,40.38,40.66,2652527,BID
2024-10-10,25.0,25.14,24.73,24.79,6229155,CTG
2024-10-10,23.0,23.08,22.71,22.71,23844140,HPG
2024-10-10,61.29,61.76,60.56,61.03,1326569,VCB
2024-10-10,42.7,42.9,42.15,42.15,5446300,VHM
2024-10-10,62.52,62.98,61.97,61.97,2625177,VNM
2024-10-11,40.74,40.74,40.29,40.38,1540828,BID
2024-10-11,24.86,24.9,24.55,24.86,4220110,CTG
2024-10-11,22.79,22.87,22.5,22.75,15775481,HPG
2024-10-11,61.03,61.03,60.56,60.76,1084336,VCB
2024-10-11,42.45,43.8,42.3,43.6,15621000,VHM
2024-10-11,62.33,62.43,61.79,61.97,2373079,VNM
2024-10-14,40.46,40.66,40.38,40.38,1163352,BID
2024-10-14,24.97,25.0,24.73,24.73,4044081,CTG
2024-10-14,22.79,22.87,22.54,22.54,17989883,HPG
2024-10-14,61.23,61.23,60.63,60.7,931995,VCB
2024-10-14,45.5,46.4,45.1,45.35,20737100,VHM
2024-10-14,62.33,62.33,61.42,61.51,2825429,VNM
2024-10-15,40.46,41.68,40.46,40.87,6931693,BID
2024-10-15,24.86,25.24,24.76,24.79,10591397,CTG
2024-10-15,22.83,22.87,22.62,22.62,20172673,HPG
2024-10-15,60.63,61.16,60.63,60.7,1431969,VCB
2024-10-15,45.5,45.5,44.6,44.65,9219500,VHM
2024-10-15,61.51,61.69,61.05,61.14,3078240,VNM
2024-10-16,40.87,41.27,40.7,40.74,1792036,BID
2024-10-16,24.76,25.0,24.62,24.9,3779627,CTG
2024-10-16,22.62,22.75,22.58,22.58,11638271,HPG
2024-10-16,60.7,60.96,60.63,60.76,1293521,VCB
2024-10-16,44.5,45.2,44.45,45.0,6821300,VHM
2024-10-16,61.14,62.33,61.14,61.79,2006161,VNM
2024-10-17,41.03,41.11,40.5,41.11,2120393,BID
2024-10-17,25.03,25.07,24.73,25.07,6203039,CTG
2024-10-17,22.62,22.71,22.29,22.71,20575549,HPG
2024-10-17,61.1,61.29,60.9,61.23,1286287,VCB
2024-10-17,45.1,45.5,44.8,45.1,6677100,VHM
2024-10-17,61.88,62.15,61.6,61.88,1658879,VNM
2024-10-18,41.44,41.68,41.11,41.11,3397095,BID
2024-10-18,25.24,25.31,24.86,24.86,7057153,CTG
2024-10-18,22.71,22.75,22.46,22.46,16254444,HPG
2024-10-18,61.56,61.83,61.1,61.36,1164056,VCB
2024-10-18,45.7,46.0,45.15,45.25,8960800,VHM
2024-10-18,61.88,62.24,61.69,61.69,1599576,VNM
2024-10-21,40.87,41.03,40.58,40.58,2126633,BID
2024-10-21,24.76,24.93,24.35,24.35,8246187,CTG
2024-10-21,22.46,22.54,22.25,22.29,13909844,HPG
2024-10-21,61.43,61.96,61.1,61.1,1425147,VCB
2024-10-21,45.5,47.8,45.5,47.8,21162900,VHM
2024-10-21,61.69,62.15,61.51,61.6,1862336,VNM
2024-10-22,40.62,40.62,39.8,39.84,3374102,BID
2024-10-22,24.35,24.45,23.87,24.01,9523494,CTG
2024-10-22,22.21,22.37,22.08,22.21,18330635,HPG
2024-10-22,61.1,61.23,60.7,60.7,1260601,VCB
2024-10-22,48.15,48.55,47.4,48.25,12671300,VHM
2024-10-22,61.6,62.06,61.51,61.6,2253327,VNM
2024-10-23,39.84,39.84,39.23,39.56,2398865,BID
2024-10-23,24.01,24.11,23.83,24.04,4491261,CTG
2024-10-23,22.21,22.25,21.96,22.04,13617216,HPG
2024-10-23,60.56,60.96,60.56,60.76,750353,VCB
2024-10-23,48.25,48.35,46.5,47.0,33349400,VHM
2024-10-23,61.6,61.88,61.51,61.6,1637360,VNM
2024-10-24,39.31,39.93,39.23,39.23,1466742,BID
2024-10-24,24.01,24.11,23.35,23.9,6409589,CTG
2024-10-24,22.08,22.25,21.96,22.04,15908431,HPG
2024-10-24,61.23,61.29,60.7,60.9,756579,VCB
2024-10-24,46.6,46.75,43.85,43.85,33609900,VHM
2024-10-24,61.6,63.16,61.6,62.61,4369950,VNM
2024-10-25,39.27,39.48,38.82,38.82,1697241,BID
2024-10-25,23.83,23.87,23.66,23.73,4450335,CTG
2024-10-25,22.17,22.21,22.04,22.04,9453996,HPG
2024-10-25,61.16,61.29,60.9,60.96,997728,VCB
2024-10-25,44.55,44.65,43.5,43.85,24552700,VHM
2024-10-25,62.79,62.79,62.15,62.24,2172351,VNM
2024-10-28,38.82,39.03,38.66,38.82,1727122,BID
2024-10-28,23.77,23.87,23.7,23.8,2289929,CTG
2024-10-28,22.08,22.46,22.08,22.29,11941974,HPG
2024-10-28,60.76,61.29,60.76,61.1,1106555,VCB
2024-10-28,43.7,44.25,42.5,42.7,19543500,VHM
2024-10-28,61.97,62.24,61.05,61.51,2927947,VNM
2024-10-29,38.99,39.6,38.82,38.86,2177648,BID
2024-10-29,23.8,23.97,23.8,23.97,2890839,CTG
2024-10-29,22.33,22.62,22.25,22.54,15745226,HPG
2024-10-29,61.16,61.49,61.1,61.1,1298643,VCB
2024-10-29,42.95,43.05,42.55,42.75,17360800,VHM
2024-10-29,61.6,61.6,61.14,61.33,2033574,VNM
2024-10-30,38.94,39.39,38.94,38.99,1416820,BID
2024-10-30,23.94,24.01,23.66,23.83,2628088,CTG
2024-10-30,22.54,22.58,22.33,22.5,11074326,HPG
2024-10-30,61.1,61.36,60.83,60.9,627682,VCB
2024-10-30,43.0,43.0,40.85,41.15,31820300,VHM
2024-10-30,61.33,61.6,60.69,60.69,3437020,VNM
2024-10-31,39.23,39.6,38.94,39.03,1793000,BID
2024-10-31,23.94,24.52,23.87,24.49,8404272,CTG
2024-10-31,22.54,22.54,22.33,22.42,13332393,HPG
2024-10-31,60.76,63.09,60.76,62.16,2892451,VCB
2024-10-31,41.15,41.55,40.45,41.5,23739900,VHM
2024-10-31,60.96,60.96,59.77,60.5,5177693,VNM
2024-11-01,39.23,39.31,38.86,39.03,1544087,BID
2024-11-01,24.38,24.66,24.35,24.42,7985814,CTG
2024-11-01,22.33,22.37,22.04,22.12,13212705,HPG
2024-11-01,62.42,63.02,62.09,62.09,1732251,VCB
2024-11-01,41.5,42.2,41.3,41.5,16952200,VHM
2024-11-01,60.5,60.69,60.05,60.23,2182658,VNM
2024-11-04,39.03,39.39,38.86,38.99,1338003,BID
2024-11-04,24.38,24.66,24.25,24.49,5250072,CTG
2024-11-04,22.12,22.12,21.79,21.92,18321430,HPG
2024-11-04,62.42,63.29,61.36,61.43,1856395,VCB
2024-11-04,41.5,41.5,40.55,41.5,19838000,VHM
2024-11-04,60.32,60.96,60.05,60.05,2121224,VNM
2024-11-05,38.99,39.15,38.7,38.74,1526924,BID
2024-11-05,24.35,24.49,24.04,24.04,4095443,CTG
2024-11-05,21.92,22.12,21.83,22.08,8102496,HPG
2024-11-05,61.49,61.76,61.1,61.49,1084183,VCB
2024-11-05,41.5,41.8,41.25,41.5,14140300,VHM
2024-11-05,60.14,60.41,59.95,59.95,1063141,VNM
2024-11-06,38.9,39.35,38.9,39.27,1083269,BID
2024-11-06,24.14,24.62,24.07,24.62,3545759,CTG
2024-11-06,22.21,22.62,22.12,22.46,21004956,HPG
2024-11-06,61.63,62.03,61.63,61.69,1417991,VCB
2024-11-06,41.5,41.7,41.3,41.55,15064600,VHM
2024-11-06,60.41,60.41,59.77,60.23,2598835,VNM
2024-11-07,39.56,39.56,38.9,38.9,1264744,BID
2024-11-07,24.62,24.79,24.42,24.42,3825486,CTG
2024-11-07,22.58,22.75,22.46,22.46,15996565,HPG
2024-11-07,61.89,62.36,61.89,61.89,1420301,VCB
2024-11-07,41.7,41.7,41.3,41.4,15995700,VHM
2024-11-07,60.41,60.6,60.05,60.32,1154788,VNM
2024-11-08,38.99,39.15,38.41,38.74,2650552,BID
2024-11-08,24.49,24.69,23.87,24.01,4919107,CTG
2024-11-08,22.67,22.92,22.5,22.5,24778767,HPG
2024-11-08,62.09,62.36,61.23,61.23,1381249,VCB
2024-11-08,41.3,41.35,40.0,40.0,22517000,VHM
2024-11-08,60.41,60.6,60.05,60.14,1597360,VNM
2024-11-11,38.74,38.82,37.92,38.0,2603153,BID
2024-11-11,24.01,24.01,23.22,23.97,16330840,CTG
2024-11-11,22.54,23.08,22.46,23.08,40900657,HPG
2024-11-11,61.63,61.63,61.03,61.1,1874368,VCB
2024-11-11,40.0,40.85,39.25,40.6,15312100,VHM
2024-11-11,60.14,60.23,59.22,59.68,2742114,VNM
2024-11-12,38.0,38.29,37.84,37.84,1688825,BID
2024-11-12,23.87,23.9,23.46,23.66,3344387,CTG
2024-11-12,23.12,23.25,22.75,22.92,23977950,HPG
2024-11-12,61.1,61.89,61.03,61.03,1337197,VCB
2024-11-12,40.6,41.35,40.3,40.3,16217500,VHM
2024-11-12,59.68,60.14,59.31,59.41,1734699,VNM
2024-11-13,37.84,38.0,37.47,37.72,1818624,BID
2024-11-13,23.63,23.66,23.29,23.56,4246961,CTG
2024-11-13,22.67,22.83,22.37,22.54,22299796,HPG
2024-11-13,61.03,61.69,61.03,61.43,1332711,VCB
2024-11-13,40.3,40.7,40.15,40.3,14066600,VHM
2024-11-13,59.59,60.05,59.22,59.5,2773315,VNM
2024-11-14,37.8,37.8,37.19,37.19,2001459,BID
2024-11-14,23.53,23.53,23.05,23.05,5272308,CTG
2024-11-14,22.54,22.58,21.92,21.92,26584281,HPG
2024-11-14,61.1,61.43,61.03,61.1,1720202,VCB
2024-11-14,40.35,41.1,40.3,40.35,16947200,VHM
2024-11-14,59.5,59.5,59.22,59.5,1781237,VNM
2024-11-15,37.27,37.27,36.53,36.53,2259406,BID
2024-11-15,23.05,23.05,22.5,22.7,8353364,CTG
2024-11-15,21.92,21.96,21.58,21.58,27622921,HPG
2024-11-15,61.1,61.43,60.83,60.9,1509691,VCB
2024-11-15,40.35,40.6,40.0,40.25,17024300,VHM
2024-11-15,59.41,59.41,58.31,58.31,3697005,VNM
2024-11-18,36.49,37.27,36.33,36.33,1916517,BID
2024-11-18,22.7,23.08,22.43,22.84,4075472,CTG
2024-11-18,21.67,21.71,21.25,21.5,20617517,HPG
2024-11-18,60.9,61.29,60.37,60.43,1876350,VCB
2024-11-18,40.3,40.8,39.6,40.8,23032900,VHM
2024-11-18,58.31,58.76,57.85,57.85,3752034,VNM
2024-11-19,36.94,36.94,36.45,36.45,1458953,BID
2024-11-19,22.98,23.05,22.63,22.87,5282175,CTG
2024-11-19,21.54,21.67,21.21,21.21,15855294,HPG
2024-11-19,60.76,60.83,59.77,59.77,1577896,VCB
2024-11-19,40.9,42.25,40.9,42.2,26469700,VHM
2024-11-19,57.94,58.12,57.67,57.67,2736295,VNM
2024-11-20,36.53,37.47,36.37,36.78,2190978,BID
2024-11-20,22.67,23.32,22.67,23.32,6495924,CTG
2024-11-20,21.17,21.67,21.04,21.33,22767490,HPG
2024-11-20,59.77,60.56,59.7,59.97,1641687,VCB
2024-11-20,42.2,43.4,41.75,43.3,28417400,VHM
2024-11-20,57.67,58.4,57.57,58.22,2820172,VNM
2024-11-21,36.86,37.31,36.86,37.06,1473934,BID
2024-11-21,23.32,24.01,23.05,24.01,7812766,CTG
2024-11-21,21.37,21.62,21.29,21.54,12784099,HPG
2024-11-21,60.03,60.63,59.9,60.1,1461608,VCB
2024-11-21,43.25,43.7,42.85,43.3,34404900,VHM
2024-11-21,58.31,58.67,58.03,58.49,2255565,VNM
2024-11-22,37.43,37.43,36.98,37.35,1876045,BID
2024-11-22,23.94,24.14,23.8,24.01,6183951,CTG
2024-11-22,21.58,21.87,21.54,21.75,17276669,HPG
2024-11-22,60.43,60.63,60.17,60.17,1730814,VCB
2024-11-22,42.65,42.75,41.6,41.6,9091600,VHM
2024-11-22,58.49,59.31,58.49,58.86,2179029,VNM
2024-11-25,37.35,37.43,37.19,37.23,1111803,BID
2024-11-25,23.97,24.07,23.8,24.07,3826282,CTG
2024-11-25,21.75,21.92,21.71,21.92,12839515,HPG
2024-11-25,60.37,61.23,60.37,60.63,1814963,VCB
2024-11-25,41.5,42.95,41.45,42.7,4401200,VHM
2024-11-25,58.86,59.13,58.76,58.86,2450009,VNM
2024-11-26,37.19,37.8,37.19,37.8,1840917,BID
2024-11-26,24.01,24.25,23.94,24.21,4540774,CTG
2024-11-26,21.92,22.08,21.83,21.96,13190635,HPG
2024-11-26,60.7,61.69,60.7,61.36,1760827,VCB
2024-11-26,42.7,43.3,42.4,42.4,4289500,VHM
2024-11-26,59.04,59.5,58.95,59.31,1678113,VNM
2024-11-27,37.8,37.96,37.64,37.88,1216426,BID
2024-11-27,24.07,24.21,23.97,24.11,2762846,CTG
2024-11-27,21.96,22.04,21.75,21.92,7974789,HPG
2024-11-27,61.29,61.89,61.29,61.56,1048309,VCB
2024-11-27,42.2,42.85,41.9,41.9,3650400,VHM
2024-11-27,59.31,59.5,59.04,59.13,1588583,VNM
2024-11-28,38.0,38.05,37.68,37.68,1286086,BID
2024-11-28,24.21,24.28,23.97,24.28,3292014,CTG
2024-11-28,22.04,22.29,21.92,22.0,14139732,HPG
2024-11-28,61.83,62.09,61.43,61.49,1290948,VCB
2024-11-28,42.25,42.35,41.1,41.1,6514200,VHM
2024-11-28,59.5,59.5,59.04,59.04,1275083,VNM
2024-11-29,37.68,38.21,37.47,38.21,1444486,BID
2024-11-29,24.35,24.59,24.18,24.52,5146159,CTG
2024-11-29,22.04,22.29,21.92,22.29,13886852,HPG
2024-11-29,61.49,61.96,61.43,61.96,1011316,VCB
2024-11-29,41.3,41.3,40.75,40.8,5524400,VHM
2024-11-29,59.04,59.31,58.86,59.13,1107140,VNM
2024-12-02,38.33,38.5,38.0,38.0,1315663,BID
2024-12-02,24.62,24.69,24.49,24.59,4470910,CTG
2024-12-02,22.46,22.62,22.29,22.42,18590525,HPG
2024-12-02,63.02,63.15,62.36,62.56,1575332,VCB
2024-12-02,41.1,41.15,40.75,40.75,3781200,VHM
2024-12-02,59.13,59.31,58.76,59.04,1232443,VNM
2024-12-03,38.0,38.0,37.64,37.64,1401191,BID
2024-12-03,24.66,24.66,24.31,24.62,5264269,CTG
2024-12-03,22.37,22.5,22.17,22.5,15823157,HPG
2024-12-03,62.69,62.69,61.49,61.76,2447450,VCB
2024-12-03,40.8,41.3,40.5,40.9,5187200,VHM
2024-12-03,59.13,59.13,58.49,58.49,2427726,VNM
2024-12-04,37.68,37.72,36.9,36.9,2401095,BID
2024-12-04,24.42,24.49,24.21,24.21,4139884,CTG
2024-12-04,22.37,22.37,22.21,22.25,12517041,HPG
2024-12-04,61.63,62.36,61.43,62.09,1205482,VCB
2024-12-04,40.7,40.85,40.1,40.1,5167400,VHM
2024-12-04,58.4,58.49,57.94,57.94,2749303,VNM
2024-12-05,37.02,38.25,37.02,37.6,2429151,BID
2024-12-05,24.21,25.03,24.04,24.97,10399831,CTG
2024-12-05,22.25,23.21,22.0,23.21,44772623,HPG
2024-12-05,61.76,62.82,61.76,62.42,2334456,VCB
2024-12-05,40.5,41.8,40.2,41.4,4852800,VHM
2024-12-05,58.12,59.22,57.85,58.86,2221363,VNM
2024-12-06,37.92,38.37,37.92,38.09,2499768,BID
2024-12-06,25.03,25.14,24.86,24.86,5629948,CTG
2024-12-06,23.21,23.25,22.92,23.0,23768664,HPG
2024-12-06,62.42,63.29,62.36,62.56,1702183,VCB
2024-12-06,41.6,42.0,41.2,41.5,4870000,VHM
2024-12-06,59.04,59.31,58.67,58.67,1681167,VNM
2024-12-09,38.13,38.41,38.09,38.17,1719564,BID
2024-12-09,24.79,25.03,24.73,25.0,4395405,CTG
2024-12-09,23.04,23.25,22.92,23.04,15967778,HPG
2024-12-09,62.56,63.29,62.36,63.29,1958838,VCB
2024-12-09,41.5,41.9,41.4,41.45,3619100,VHM
2024-12-09,59.04,59.04,58.58,58.67,1764954,VNM
2024-12-10,38.25,38.7,38.21,38.21,1945190,BID
2024-12-10,25.0,25.03,24.76,24.93,3295765,CTG
2024-12-10,23.08,23.5,23.0,23.25,32715496,HPG
2024-12-10,63.29,63.29,62.76,62.76,914482,VCB
2024-12-10,41.45,41.65,40.95,40.95,4579300,VHM
2024-12-10,58.67,58.95,58.49,58.49,1714418,VNM
2024-12-11,38.37,38.41,38.0,38.09,1287841,BID
2024-12-11,24.9,25.1,24.83,24.93,4392818,CTG
2024-12-11,23.25,23.46,23.0,23.12,17045103,HPG
2024-12-11,62.76,62.96,61.89,61.96,1611488,VCB
2024-12-11,40.95,41.35,40.8,40.85,4020600,VHM
2024-12-11,58.49,59.13,58.49,58.76,2027577,VNM
2024-12-12,38.17,38.54,38.09,38.09,1936826,BID
2024-12-12,24.97,25.24,24.83,24.9,5013089,CTG
2024-12-12,23.12,23.25,22.79,22.92,20976380,HPG
2024-12-12,62.09,62.69,62.09,62.09,672349,VCB
2024-12-12,40.9,41.15,40.75,40.75,2984800,VHM
2024-12-12,58.76,59.41,58.76,59.13,2252448,VNM
2024-12-13,38.05,38.25,37.92,37.92,1383716,BID
2024-12-13,24.79,25.03,24.76,24.93,4182246,CTG
2024-12-13,22.75,22.83,22.58,22.67,17278081,HPG
2024-12-13,61.89,62.16,61.69,61.83,1228466,VCB
2024-12-13,40.7,40.8,40.5,40.65,3126900,VHM
2024-12-13,58.86,59.04,58.67,58.76,1399402,VNM
2024-12-16,38.41,38.62,38.17,38.21,3249666,BID
2024-12-16,24.93,25.17,24.83,24.86,2868017,CTG
2024-12-16,22.67,22.79,22.37,22.5,16666364,HPG
2024-12-16,61.76,61.89,61.69,61.83,1122982,VCB
2024-12-16,40.65,41.15,40.55,40.95,2668000,VHM
2024-12-16,58.76,59.68,58.76,59.5,2389158,VNM
2024-12-17,38.41,38.54,38.09,38.09,2250022,BID
2024-12-17,24.86,24.93,24.73,24.86,3431436,CTG
2024-12-17,22.5,22.58,22.37,22.5,10816933,HPG
2024-12-17,61.76,61.83,61.63,61.76,1049241,VCB
2024-12-17,41.0,41.4,40.8,41.3,3708600,VHM
2024-12-17,59.41,59.5,59.04,59.13,1206503,VNM
2024-12-18,38.29,38.41,38.17,38.29,1662684,BID
2024-12-18,24.83,24.97,24.55,24.86,2935402,CTG
2024-12-18,22.5,22.79,22.46,22.79,12801871,HPG
2024-12-18,61.76,61.96,61.76,61.83,531269,VCB
2024-12-18,41.3,41.6,40.9,40.9,2431900,VHM
2024-12-18,59.5,59.59,59.22,59.22,1616812,VNM
2024-12-19,38.13,38.21,37.92,37.96,2707866,BID
2024-12-19,24.59,24.83,24.42,24.83,6322245,CTG
2024-12-19,22.5,22.62,22.33,22.37,30343905,HPG
2024-12-19,61.63,61.63,61.23,61.36,1870599,VCB
2024-12-19,40.6,40.75,40.2,40.2,5724800,VHM
2024-12-19,58.95,59.04,58.49,58.49,2629962,VNM
2024-12-20,38.0,38.17,37.88,37.96,2994624,BID
2024-12-20,24.69,24.79,24.49,24.79,3419746,CTG
2024-12-20,22.37,22.46,22.25,22.25,13753770,HPG
2024-12-20,61.36,61.69,61.29,61.43,1246769,VCB
2024-12-20,40.4,40.45,40.2,40.35,3475300,VHM
2024-12-20,58.58,59.5,58.58,59.5,3801451,VNM
2024-12-23,38.47,38.57,38.08,38.18,2899478,BID
2024-12-23,24.83,24.9,24.76,24.86,3099301,CTG
2024-12-23,22.29,22.54,22.29,22.5,12907390,HPG
2024-12-23,61.49,61.63,61.36,61.36,707967,VCB
2024-12-23,40.8,40.85,40.4,40.6,1992400,VHM
2024-12-23,59.22,59.5,58.86,58.95,1350461,VNM
2024-12-24,38.27,38.42,37.63,37.68,3219399,BID
2024-12-24,24.76,24.83,24.62,24.83,2832602,CTG
2024-12-24,22.42,22.42,22.17,22.25,13471873,HPG
2024-12-24,61.56,61.63,61.1,61.16,1025356,VCB
2024-12-24,40.5,40.6,40.1,40.35,3214900,VHM
2024-12-24,58.95,59.22,58.67,58.86,1290269,VNM
2024-12-25,37.78,39.36,37.68,38.22,5281584,BID
2024-12-25,24.83,26.54,24.83,26.2,25202624,CTG
2024-12-25,22.29,22.62,22.29,22.62,17153771,HPG
2024-12-25,61.23,62.29,61.23,61.36,1829185,VCB
2024-12-25,40.5,40.75,40.35,40.6,3559700,VHM
2024-12-25,58.95,59.41,58.95,58.95,1304582,VNM
2024-12-26,38.52,38.92,38.37,38.57,3886725,BID
2024-12-26,26.34,26.34,26.06,26.2,4851169,CTG
2024-12-26,22.62,22.67,22.37,22.5,9982189,HPG
2024-12-26,61.43,61.63,61.1,61.16,2203884,VCB
2024-12-26,40.75,41.3,40.65,40.65,3690900,VHM
2024-12-26,59.23,59.23,58.86,58.86,1711855,VNM
2024-12-27,38.82,39.07,38.67,38.72,2862726,BID
2024-12-27,26.3,26.61,26.06,26.61,9543989,CTG
2024-12-27,22.5,22.5,22.33,22.37,11397592,HPG
2024-12-27,61.43,61.76,61.23,61.23,1640901,VCB
2024-12-27,40.8,41.05,40.35,40.35,2847200,VHM
2024-12-27,58.95,59.13,58.77,58.86,2445187,VNM
2024-12-30,38.67,38.72,37.83,37.83,4013327,BID
2024-12-30,26.41,26.68,26.3,26.68,7214379,CTG
2024-12-30,22.33,22.37,22.21,22.29,12176491,HPG
2024-12-30,61.23,61.43,61.1,61.1,1707785,VCB
2024-12-30,40.45,40.6,40.3,40.3,2516300,VHM
2024-12-30,58.67,58.77,58.4,58.4,1492983,VNM
2024-12-31,38.08,38.32,37.14,37.14,3418064,BID
2024-12-31,26.47,26.54,25.93,25.93,5451997,CTG
2024-12-31,22.29,22.29,22.17,22.21,10258083,HPG
2024-12-31,61.23,61.36,60.56,60.56,2375289,VCB
2024-12-31,40.5,40.5,40.0,40.0,4191900,VHM
2024-12-31,58.49,58.86,58.4,58.49,1643941,VNM
